In function ‘void operator delete(void*, std::size_t)’,
    inlined from ‘void std::__new_allocator<_Tp>::deallocate(_Tp*, size_type) [with _Tp = std::_Rb_tree_node<std::pair<const long unsigned int, backend::{anonymous}::VulkanBuffer::Padded> >]’ at /usr/include/c++/13/bits/new_allocator.h:172:26,
    inlined from ‘static void std::allocator_traits<std::allocator<_CharT> >::deallocate(allocator_type&, pointer, size_type) [with _Tp = std::_Rb_tree_node<std::pair<const long unsigned int, backend::{anonymous}::VulkanBuffer::Padded> >]’ at /usr/include/c++/13/bits/alloc_traits.h:517:23,
    inlined from ‘void std::_Rb_tree<_Key2, _Value2, _KeyOfValue, _Compare, _ValueAlloc>::_M_put_node(_Link_type) [with _Key = long unsigned int; _Val = std::pair<const long unsigned int, backend::{anonymous}::VulkanBuffer::Padded>; _KeyOfValue = std::_Select1st<std::pair<const long unsigned int, backend::{anonymous}::VulkanBuffer::Padded> >; _Compare = std::less<long unsigned int>; _Alloc = std::allocator<std::pair<const long unsigned int, backend::{anonymous}::VulkanBuffer::Padded> >]’ at /usr/include/c++/13/bits/stl_tree.h:567:34,
    inlined from ‘void std::_Rb_tree<_Key2, _Value2, _KeyOfValue, _Compare, _ValueAlloc>::_M_drop_node(_Link_type) [with _Key = long unsigned int; _Val = std::pair<const long unsigned int, backend::{anonymous}::VulkanBuffer::Padded>; _KeyOfValue = std::_Select1st<std::pair<const long unsigned int, backend::{anonymous}::VulkanBuffer::Padded> >; _Compare = std::less<long unsigned int>; _Alloc = std::allocator<std::pair<const long unsigned int, backend::{anonymous}::VulkanBuffer::Padded> >]’ at /usr/include/c++/13/bits/stl_tree.h:634:13,
    inlined from ‘std::_Rb_tree<_Key2, _Value2, _KeyOfValue, _Compare, _ValueAlloc>::_Auto_node::~_Auto_node() [with _Key = long unsigned int; _Val = std::pair<const long unsigned int, backend::{anonymous}::VulkanBuffer::Padded>; _KeyOfValue = std::_Select1st<std::pair<const long unsigned int, backend::{anonymous}::VulkanBuffer::Padded> >; _Compare = std::less<long unsigned int>; _Alloc = std::allocator<std::pair<const long unsigned int, backend::{anonymous}::VulkanBuffer::Padded> >]’ at /usr/include/c++/13/bits/stl_tree.h:1643:23,
    inlined from ‘std::_Rb_tree<_Key2, _Value2, _KeyOfValue, _Compare, _ValueAlloc>::iterator std::_Rb_tree<_Key2, _Value2, _KeyOfValue, _Compare, _ValueAlloc>::_M_emplace_hint_unique(const_iterator, _Args&& ...) [with _Args = {const std::piecewise_construct_t&, std::tuple<const long unsigned int&>, std::tuple<backend::{anonymous}::VulkanBuffer::Padded&&>}; _Key = long unsigned int; _Val = std::pair<const long unsigned int, backend::{anonymous}::VulkanBuffer::Padded>; _KeyOfValue = std::_Select1st<std::pair<const long unsigned int, backend::{anonymous}::VulkanBuffer::Padded> >; _Compare = std::less<long unsigned int>; _Alloc = std::allocator<std::pair<const long unsigned int, backend::{anonymous}::VulkanBuffer::Padded> >]’ at /usr/include/c++/13/bits/stl_tree.h:2467:7:
/mnt/c/Users/Marko/AppData/Local/Temp/llmx-vulkan-cache-cleanup-20260925/tests/vulkan_buffer.cpp:19:64: warning: ‘void free(void*)’ called on pointer returned from a mismatched allocation function [-Wmismatched-new-delete]
   19 | void operator delete(void* p, std::size_t) noexcept { std::free(p); }
      |                                                       ~~~~~~~~~^~~
In file included from /usr/include/x86_64-linux-gnu/c++/13/bits/c++allocator.h:33,
                 from /usr/include/c++/13/bits/allocator.h:46,
                 from /usr/include/c++/13/string:43,
                 from /mnt/c/Users/Marko/AppData/Local/Temp/llmx-vulkan-cache-cleanup-20260925/src/backends/device_profile.hpp:10,
                 from /mnt/c/Users/Marko/AppData/Local/Temp/llmx-vulkan-cache-cleanup-20260925/src/backends/vulkan/vulkan_backend.cpp:2,
                 from /mnt/c/Users/Marko/AppData/Local/Temp/llmx-vulkan-cache-cleanup-20260925/tests/vulkan_buffer.cpp:2:
In member function ‘_Tp* std::__new_allocator<_Tp>::allocate(size_type, const void*) [with _Tp = std::_Rb_tree_node<std::pair<const long unsigned int, backend::{anonymous}::VulkanBuffer::Padded> >]’,
    inlined from ‘static _Tp* std::allocator_traits<std::allocator<_CharT> >::allocate(allocator_type&, size_type) [with _Tp = std::_Rb_tree_node<std::pair<const long unsigned int, backend::{anonymous}::VulkanBuffer::Padded> >]’ at /usr/include/c++/13/bits/alloc_traits.h:482:28,
    inlined from ‘std::_Rb_tree_node<_Val>* std::_Rb_tree<_Key2, _Value2, _KeyOfValue, _Compare, _ValueAlloc>::_M_get_node() [with _Key = long unsigned int; _Val = std::pair<const long unsigned int, backend::{anonymous}::VulkanBuffer::Padded>; _KeyOfValue = std::_Select1st<std::pair<const long unsigned int, backend::{anonymous}::VulkanBuffer::Padded> >; _Compare = std::less<long unsigned int>; _Alloc = std::allocator<std::pair<const long unsigned int, backend::{anonymous}::VulkanBuffer::Padded> >]’ at /usr/include/c++/13/bits/stl_tree.h:563:39,
    inlined from ‘std::_Rb_tree_node<_Val>* std::_Rb_tree<_Key2, _Value2, _KeyOfValue, _Compare, _ValueAlloc>::_M_create_node(_Args&& ...) [with _Args = {const std::piecewise_construct_t&, std::tuple<const long unsigned int&>, std::tuple<backend::{anonymous}::VulkanBuffer::Padded&&>}; _Key = long unsigned int; _Val = std::pair<const long unsigned int, backend::{anonymous}::VulkanBuffer::Padded>; _KeyOfValue = std::_Select1st<std::pair<const long unsigned int, backend::{anonymous}::VulkanBuffer::Padded> >; _Compare = std::less<long unsigned int>; _Alloc = std::allocator<std::pair<const long unsigned int, backend::{anonymous}::VulkanBuffer::Padded> >]’ at /usr/include/c++/13/bits/stl_tree.h:613:34,
    inlined from ‘std::_Rb_tree<_Key2, _Value2, _KeyOfValue, _Compare, _ValueAlloc>::_Auto_node::_Auto_node(std::_Rb_tree<_Key2, _Value2, _KeyOfValue, _Compare, _ValueAlloc>&, _Args&& ...) [with _Args = {const std::piecewise_construct_t&, std::tuple<const long unsigned int&>, std::tuple<backend::{anonymous}::VulkanBuffer::Padded&&>}; _Key = long unsigned int; _Val = std::pair<const long unsigned int, backend::{anonymous}::VulkanBuffer::Padded>; _KeyOfValue = std::_Select1st<std::pair<const long unsigned int, backend::{anonymous}::VulkanBuffer::Padded> >; _Compare = std::less<long unsigned int>; _Alloc = std::allocator<std::pair<const long unsigned int, backend::{anonymous}::VulkanBuffer::Padded> >]’ at /usr/include/c++/13/bits/stl_tree.h:1637:32,
    inlined from ‘std::_Rb_tree<_Key2, _Value2, _KeyOfValue, _Compare, _ValueAlloc>::iterator std::_Rb_tree<_Key2, _Value2, _KeyOfValue, _Compare, _ValueAlloc>::_M_emplace_hint_unique(const_iterator, _Args&& ...) [with _Args = {const std::piecewise_construct_t&, std::tuple<const long unsigned int&>, std::tuple<backend::{anonymous}::VulkanBuffer::Padded&&>}; _Key = long unsigned int; _Val = std::pair<const long unsigned int, backend::{anonymous}::VulkanBuffer::Padded>; _KeyOfValue = std::_Select1st<std::pair<const long unsigned int, backend::{anonymous}::VulkanBuffer::Padded> >; _Compare = std::less<long unsigned int>; _Alloc = std::allocator<std::pair<const long unsigned int, backend::{anonymous}::VulkanBuffer::Padded> >]’ at /usr/include/c++/13/bits/stl_tree.h:2462:13:
/usr/include/c++/13/bits/new_allocator.h:151:55: note: returned from ‘void* operator new(std::size_t)’
  151 |         return static_cast<_Tp*>(_GLIBCXX_OPERATOR_NEW(__n * sizeof(_Tp)));
      |                                                       ^
In function ‘void operator delete(void*, std::size_t)’,
    inlined from ‘void std::__new_allocator<_Tp>::deallocate(_Tp*, size_type) [with _Tp = std::_Sp_counted_ptr_inplace<backend::{anonymous}::VulkanBuffer, std::allocator<void>, __gnu_cxx::_S_atomic>]’ at /usr/include/c++/13/bits/new_allocator.h:172:26,
    inlined from ‘static void std::allocator_traits<std::allocator<_CharT> >::deallocate(allocator_type&, pointer, size_type) [with _Tp = std::_Sp_counted_ptr_inplace<backend::{anonymous}::VulkanBuffer, std::allocator<void>, __gnu_cxx::_S_atomic>]’ at /usr/include/c++/13/bits/alloc_traits.h:517:23,
    inlined from ‘std::__allocated_ptr<_Alloc>::~__allocated_ptr() [with _Alloc = std::allocator<std::_Sp_counted_ptr_inplace<backend::{anonymous}::VulkanBuffer, std::allocator<void>, __gnu_cxx::_S_atomic> >]’ at /usr/include/c++/13/bits/allocated_ptr.h:74:45,
    inlined from ‘std::__shared_count<_Lp>::__shared_count(_Tp*&, std::_Sp_alloc_shared_tag<_Alloc>, _Args&& ...) [with _Tp = backend::{anonymous}::VulkanBuffer; _Alloc = std::allocator<void>; _Args = {std::shared_ptr<backend::{anonymous}::Device>&, long unsigned int&, bool}; __gnu_cxx::_Lock_policy _Lp = __gnu_cxx::_S_atomic]’ at /usr/include/c++/13/bits/shared_ptr_base.h:976:2:
/mnt/c/Users/Marko/AppData/Local/Temp/llmx-vulkan-cache-cleanup-20260925/tests/vulkan_buffer.cpp:19:64: warning: ‘void free(void*)’ called on pointer returned from a mismatched allocation function [-Wmismatched-new-delete]
   19 | void operator delete(void* p, std::size_t) noexcept { std::free(p); }
      |                                                       ~~~~~~~~~^~~
In member function ‘_Tp* std::__new_allocator<_Tp>::allocate(size_type, const void*) [with _Tp = std::_Sp_counted_ptr_inplace<backend::{anonymous}::VulkanBuffer, std::allocator<void>, __gnu_cxx::_S_atomic>]’,
    inlined from ‘static _Tp* std::allocator_traits<std::allocator<_CharT> >::allocate(allocator_type&, size_type) [with _Tp = std::_Sp_counted_ptr_inplace<backend::{anonymous}::VulkanBuffer, std::allocator<void>, __gnu_cxx::_S_atomic>]’ at /usr/include/c++/13/bits/alloc_traits.h:482:28,
    inlined from ‘std::__allocated_ptr<_Alloc> std::__allocate_guarded(_Alloc&) [with _Alloc = allocator<_Sp_counted_ptr_inplace<backend::{anonymous}::VulkanBuffer, allocator<void>, __gnu_cxx::_S_atomic> >]’ at /usr/include/c++/13/bits/allocated_ptr.h:98:69,
    inlined from ‘std::__shared_count<_Lp>::__shared_count(_Tp*&, std::_Sp_alloc_shared_tag<_Alloc>, _Args&& ...) [with _Tp = backend::{anonymous}::VulkanBuffer; _Alloc = std::allocator<void>; _Args = {std::shared_ptr<backend::{anonymous}::Device>&, long unsigned int&, bool}; __gnu_cxx::_Lock_policy _Lp = __gnu_cxx::_S_atomic]’ at /usr/include/c++/13/bits/shared_ptr_base.h:969:9:
/usr/include/c++/13/bits/new_allocator.h:151:55: note: returned from ‘void* operator new(std::size_t)’
  151 |         return static_cast<_Tp*>(_GLIBCXX_OPERATOR_NEW(__n * sizeof(_Tp)));
      |                                                       ^
In function ‘void operator delete(void*, std::size_t)’,
    inlined from ‘void std::__new_allocator<_Tp>::deallocate(_Tp*, size_type) [with _Tp = std::_Sp_counted_ptr_inplace<backend::{anonymous}::VulkanBuffer, std::allocator<void>, __gnu_cxx::_S_atomic>]’ at /usr/include/c++/13/bits/new_allocator.h:172:26,
    inlined from ‘static void std::allocator_traits<std::allocator<_CharT> >::deallocate(allocator_type&, pointer, size_type) [with _Tp = std::_Sp_counted_ptr_inplace<backend::{anonymous}::VulkanBuffer, std::allocator<void>, __gnu_cxx::_S_atomic>]’ at /usr/include/c++/13/bits/alloc_traits.h:517:23,
    inlined from ‘std::__allocated_ptr<_Alloc>::~__allocated_ptr() [with _Alloc = std::allocator<std::_Sp_counted_ptr_inplace<backend::{anonymous}::VulkanBuffer, std::allocator<void>, __gnu_cxx::_S_atomic> >]’ at /usr/include/c++/13/bits/allocated_ptr.h:74:45,
    inlined from ‘std::__shared_count<_Lp>::__shared_count(_Tp*&, std::_Sp_alloc_shared_tag<_Alloc>, _Args&& ...) [with _Tp = backend::{anonymous}::VulkanBuffer; _Alloc = std::allocator<void>; _Args = {std::shared_ptr<backend::{anonymous}::Device>&, long unsigned int&, bool}; __gnu_cxx::_Lock_policy _Lp = __gnu_cxx::_S_atomic]’ at /usr/include/c++/13/bits/shared_ptr_base.h:976:2,
    inlined from ‘std::__shared_ptr<_Tp, _Lp>::__shared_ptr(std::_Sp_alloc_shared_tag<_Tp>, _Args&& ...) [with _Alloc = std::allocator<void>; _Args = {std::shared_ptr<backend::{anonymous}::Device>&, long unsigned int&, bool}; _Tp = backend::{anonymous}::VulkanBuffer; __gnu_cxx::_Lock_policy _Lp = __gnu_cxx::_S_atomic]’ at /usr/include/c++/13/bits/shared_ptr_base.h:1712:14,
    inlined from ‘std::shared_ptr<_Tp>::shared_ptr(std::_Sp_alloc_shared_tag<_Tp>, _Args&& ...) [with _Alloc = std::allocator<void>; _Args = {std::shared_ptr<backend::{anonymous}::Device>&, long unsigned int&, bool}; _Tp = backend::{anonymous}::VulkanBuffer]’ at /usr/include/c++/13/bits/shared_ptr.h:464:59,
    inlined from ‘std::shared_ptr<typename std::enable_if<(! std::is_array< <template-parameter-1-1> >::value), _Tp>::type> std::make_shared(_Args&& ...) [with _Tp = backend::{anonymous}::VulkanBuffer; _Args = {shared_ptr<backend::{anonymous}::Device>&, long unsigned int&, bool}]’ at /usr/include/c++/13/bits/shared_ptr.h:1010:39,
    inlined from ‘void backend::{anonymous}::VulkanBackend::grow(std::shared_ptr<backend::{anonymous}::VulkanBuffer>&, size_t)’ at /mnt/c/Users/Marko/AppData/Local/Temp/llmx-vulkan-cache-cleanup-20260925/src/backends/vulkan/vulkan_backend.cpp:1937:48:
/mnt/c/Users/Marko/AppData/Local/Temp/llmx-vulkan-cache-cleanup-20260925/tests/vulkan_buffer.cpp:19:64: warning: ‘void free(void*)’ called on pointer returned from a mismatched allocation function [-Wmismatched-new-delete]
   19 | void operator delete(void* p, std::size_t) noexcept { std::free(p); }
      |                                                       ~~~~~~~~~^~~
In member function ‘_Tp* std::__new_allocator<_Tp>::allocate(size_type, const void*) [with _Tp = std::_Sp_counted_ptr_inplace<backend::{anonymous}::VulkanBuffer, std::allocator<void>, __gnu_cxx::_S_atomic>]’,
    inlined from ‘static _Tp* std::allocator_traits<std::allocator<_CharT> >::allocate(allocator_type&, size_type) [with _Tp = std::_Sp_counted_ptr_inplace<backend::{anonymous}::VulkanBuffer, std::allocator<void>, __gnu_cxx::_S_atomic>]’ at /usr/include/c++/13/bits/alloc_traits.h:482:28,
    inlined from ‘std::__allocated_ptr<_Alloc> std::__allocate_guarded(_Alloc&) [with _Alloc = allocator<_Sp_counted_ptr_inplace<backend::{anonymous}::VulkanBuffer, allocator<void>, __gnu_cxx::_S_atomic> >]’ at /usr/include/c++/13/bits/allocated_ptr.h:98:69,
    inlined from ‘std::__shared_count<_Lp>::__shared_count(_Tp*&, std::_Sp_alloc_shared_tag<_Alloc>, _Args&& ...) [with _Tp = backend::{anonymous}::VulkanBuffer; _Alloc = std::allocator<void>; _Args = {std::shared_ptr<backend::{anonymous}::Device>&, long unsigned int&, bool}; __gnu_cxx::_Lock_policy _Lp = __gnu_cxx::_S_atomic]’ at /usr/include/c++/13/bits/shared_ptr_base.h:969:9,
    inlined from ‘std::__shared_ptr<_Tp, _Lp>::__shared_ptr(std::_Sp_alloc_shared_tag<_Tp>, _Args&& ...) [with _Alloc = std::allocator<void>; _Args = {std::shared_ptr<backend::{anonymous}::Device>&, long unsigned int&, bool}; _Tp = backend::{anonymous}::VulkanBuffer; __gnu_cxx::_Lock_policy _Lp = __gnu_cxx::_S_atomic]’ at /usr/include/c++/13/bits/shared_ptr_base.h:1712:14,
    inlined from ‘std::shared_ptr<_Tp>::shared_ptr(std::_Sp_alloc_shared_tag<_Tp>, _Args&& ...) [with _Alloc = std::allocator<void>; _Args = {std::shared_ptr<backend::{anonymous}::Device>&, long unsigned int&, bool}; _Tp = backend::{anonymous}::VulkanBuffer]’ at /usr/include/c++/13/bits/shared_ptr.h:464:59,
    inlined from ‘std::shared_ptr<typename std::enable_if<(! std::is_array< <template-parameter-1-1> >::value), _Tp>::type> std::make_shared(_Args&& ...) [with _Tp = backend::{anonymous}::VulkanBuffer; _Args = {shared_ptr<backend::{anonymous}::Device>&, long unsigned int&, bool}]’ at /usr/include/c++/13/bits/shared_ptr.h:1010:39,
    inlined from ‘void backend::{anonymous}::VulkanBackend::grow(std::shared_ptr<backend::{anonymous}::VulkanBuffer>&, size_t)’ at /mnt/c/Users/Marko/AppData/Local/Temp/llmx-vulkan-cache-cleanup-20260925/src/backends/vulkan/vulkan_backend.cpp:1937:48:
/usr/include/c++/13/bits/new_allocator.h:151:55: note: returned from ‘void* operator new(std::size_t)’
  151 |         return static_cast<_Tp*>(_GLIBCXX_OPERATOR_NEW(__n * sizeof(_Tp)));
      |                                                       ^
In function ‘void operator delete(void*, std::size_t)’,
    inlined from ‘void std::__new_allocator<_Tp>::deallocate(_Tp*, size_type) [with _Tp = std::_Sp_counted_ptr_inplace<backend::{anonymous}::VulkanBuffer, std::allocator<void>, __gnu_cxx::_S_atomic>]’ at /usr/include/c++/13/bits/new_allocator.h:172:26,
    inlined from ‘static void std::allocator_traits<std::allocator<_CharT> >::deallocate(allocator_type&, pointer, size_type) [with _Tp = std::_Sp_counted_ptr_inplace<backend::{anonymous}::VulkanBuffer, std::allocator<void>, __gnu_cxx::_S_atomic>]’ at /usr/include/c++/13/bits/alloc_traits.h:517:23,
    inlined from ‘std::__allocated_ptr<_Alloc>::~__allocated_ptr() [with _Alloc = std::allocator<std::_Sp_counted_ptr_inplace<backend::{anonymous}::VulkanBuffer, std::allocator<void>, __gnu_cxx::_S_atomic> >]’ at /usr/include/c++/13/bits/allocated_ptr.h:74:45,
    inlined from ‘std::__shared_count<_Lp>::__shared_count(_Tp*&, std::_Sp_alloc_shared_tag<_Alloc>, _Args&& ...) [with _Tp = backend::{anonymous}::VulkanBuffer; _Alloc = std::allocator<void>; _Args = {std::shared_ptr<backend::{anonymous}::Device>&, long unsigned int&, bool}; __gnu_cxx::_Lock_policy _Lp = __gnu_cxx::_S_atomic]’ at /usr/include/c++/13/bits/shared_ptr_base.h:976:2,
    inlined from ‘std::__shared_ptr<_Tp, _Lp>::__shared_ptr(std::_Sp_alloc_shared_tag<_Tp>, _Args&& ...) [with _Alloc = std::allocator<void>; _Args = {std::shared_ptr<backend::{anonymous}::Device>&, long unsigned int&, bool}; _Tp = backend::{anonymous}::VulkanBuffer; __gnu_cxx::_Lock_policy _Lp = __gnu_cxx::_S_atomic]’ at /usr/include/c++/13/bits/shared_ptr_base.h:1712:14,
    inlined from ‘std::shared_ptr<_Tp>::shared_ptr(std::_Sp_alloc_shared_tag<_Tp>, _Args&& ...) [with _Alloc = std::allocator<void>; _Args = {std::shared_ptr<backend::{anonymous}::Device>&, long unsigned int&, bool}; _Tp = backend::{anonymous}::VulkanBuffer]’ at /usr/include/c++/13/bits/shared_ptr.h:464:59,
    inlined from ‘std::shared_ptr<typename std::enable_if<(! std::is_array< <template-parameter-1-1> >::value), _Tp>::type> std::make_shared(_Args&& ...) [with _Tp = backend::{anonymous}::VulkanBuffer; _Args = {shared_ptr<backend::{anonymous}::Device>&, long unsigned int&, bool}]’ at /usr/include/c++/13/bits/shared_ptr.h:1010:39,
    inlined from ‘virtual backend::BufferPtr backend::{anonymous}::VulkanBackend::alloc(size_t, backend::Memory)’ at /mnt/c/Users/Marko/AppData/Local/Temp/llmx-vulkan-cache-cleanup-20260925/src/backends/vulkan/vulkan_backend.cpp:1049:91:
/mnt/c/Users/Marko/AppData/Local/Temp/llmx-vulkan-cache-cleanup-20260925/tests/vulkan_buffer.cpp:19:64: warning: ‘void free(void*)’ called on pointer returned from a mismatched allocation function [-Wmismatched-new-delete]
   19 | void operator delete(void* p, std::size_t) noexcept { std::free(p); }
      |                                                       ~~~~~~~~~^~~
In member function ‘_Tp* std::__new_allocator<_Tp>::allocate(size_type, const void*) [with _Tp = std::_Sp_counted_ptr_inplace<backend::{anonymous}::VulkanBuffer, std::allocator<void>, __gnu_cxx::_S_atomic>]’,
    inlined from ‘static _Tp* std::allocator_traits<std::allocator<_CharT> >::allocate(allocator_type&, size_type) [with _Tp = std::_Sp_counted_ptr_inplace<backend::{anonymous}::VulkanBuffer, std::allocator<void>, __gnu_cxx::_S_atomic>]’ at /usr/include/c++/13/bits/alloc_traits.h:482:28,
    inlined from ‘std::__allocated_ptr<_Alloc> std::__allocate_guarded(_Alloc&) [with _Alloc = allocator<_Sp_counted_ptr_inplace<backend::{anonymous}::VulkanBuffer, allocator<void>, __gnu_cxx::_S_atomic> >]’ at /usr/include/c++/13/bits/allocated_ptr.h:98:69,
    inlined from ‘std::__shared_count<_Lp>::__shared_count(_Tp*&, std::_Sp_alloc_shared_tag<_Alloc>, _Args&& ...) [with _Tp = backend::{anonymous}::VulkanBuffer; _Alloc = std::allocator<void>; _Args = {std::shared_ptr<backend::{anonymous}::Device>&, long unsigned int&, bool}; __gnu_cxx::_Lock_policy _Lp = __gnu_cxx::_S_atomic]’ at /usr/include/c++/13/bits/shared_ptr_base.h:969:9,
    inlined from ‘std::__shared_ptr<_Tp, _Lp>::__shared_ptr(std::_Sp_alloc_shared_tag<_Tp>, _Args&& ...) [with _Alloc = std::allocator<void>; _Args = {std::shared_ptr<backend::{anonymous}::Device>&, long unsigned int&, bool}; _Tp = backend::{anonymous}::VulkanBuffer; __gnu_cxx::_Lock_policy _Lp = __gnu_cxx::_S_atomic]’ at /usr/include/c++/13/bits/shared_ptr_base.h:1712:14,
    inlined from ‘std::shared_ptr<_Tp>::shared_ptr(std::_Sp_alloc_shared_tag<_Tp>, _Args&& ...) [with _Alloc = std::allocator<void>; _Args = {std::shared_ptr<backend::{anonymous}::Device>&, long unsigned int&, bool}; _Tp = backend::{anonymous}::VulkanBuffer]’ at /usr/include/c++/13/bits/shared_ptr.h:464:59,
    inlined from ‘std::shared_ptr<typename std::enable_if<(! std::is_array< <template-parameter-1-1> >::value), _Tp>::type> std::make_shared(_Args&& ...) [with _Tp = backend::{anonymous}::VulkanBuffer; _Args = {shared_ptr<backend::{anonymous}::Device>&, long unsigned int&, bool}]’ at /usr/include/c++/13/bits/shared_ptr.h:1010:39,
    inlined from ‘virtual backend::BufferPtr backend::{anonymous}::VulkanBackend::alloc(size_t, backend::Memory)’ at /mnt/c/Users/Marko/AppData/Local/Temp/llmx-vulkan-cache-cleanup-20260925/src/backends/vulkan/vulkan_backend.cpp:1049:91:
/usr/include/c++/13/bits/new_allocator.h:151:55: note: returned from ‘void* operator new(std::size_t)’
  151 |         return static_cast<_Tp*>(_GLIBCXX_OPERATOR_NEW(__n * sizeof(_Tp)));
      |                                                       ^
In function ‘void operator delete(void*, std::size_t)’,
    inlined from ‘void std::__new_allocator<_Tp>::deallocate(_Tp*, size_type) [with _Tp = std::_Sp_counted_ptr_inplace<backend::{anonymous}::VulkanBuffer, std::allocator<void>, __gnu_cxx::_S_atomic>]’ at /usr/include/c++/13/bits/new_allocator.h:172:26,
    inlined from ‘static void std::allocator_traits<std::allocator<_CharT> >::deallocate(allocator_type&, pointer, size_type) [with _Tp = std::_Sp_counted_ptr_inplace<backend::{anonymous}::VulkanBuffer, std::allocator<void>, __gnu_cxx::_S_atomic>]’ at /usr/include/c++/13/bits/alloc_traits.h:517:23,
    inlined from ‘std::__allocated_ptr<_Alloc>::~__allocated_ptr() [with _Alloc = std::allocator<std::_Sp_counted_ptr_inplace<backend::{anonymous}::VulkanBuffer, std::allocator<void>, __gnu_cxx::_S_atomic> >]’ at /usr/include/c++/13/bits/allocated_ptr.h:74:45,
    inlined from ‘std::__shared_count<_Lp>::__shared_count(_Tp*&, std::_Sp_alloc_shared_tag<_Alloc>, _Args&& ...) [with _Tp = backend::{anonymous}::VulkanBuffer; _Alloc = std::allocator<void>; _Args = {std::shared_ptr<backend::{anonymous}::Device>&, long unsigned int&, bool}; __gnu_cxx::_Lock_policy _Lp = __gnu_cxx::_S_atomic]’ at /usr/include/c++/13/bits/shared_ptr_base.h:976:2,
    inlined from ‘std::__shared_ptr<_Tp, _Lp>::__shared_ptr(std::_Sp_alloc_shared_tag<_Tp>, _Args&& ...) [with _Alloc = std::allocator<void>; _Args = {std::shared_ptr<backend::{anonymous}::Device>&, long unsigned int&, bool}; _Tp = backend::{anonymous}::VulkanBuffer; __gnu_cxx::_Lock_policy _Lp = __gnu_cxx::_S_atomic]’ at /usr/include/c++/13/bits/shared_ptr_base.h:1712:14,
    inlined from ‘std::shared_ptr<_Tp>::shared_ptr(std::_Sp_alloc_shared_tag<_Tp>, _Args&& ...) [with _Alloc = std::allocator<void>; _Args = {std::shared_ptr<backend::{anonymous}::Device>&, long unsigned int&, bool}; _Tp = backend::{anonymous}::VulkanBuffer]’ at /usr/include/c++/13/bits/shared_ptr.h:464:59,
    inlined from ‘std::shared_ptr<typename std::enable_if<(! std::is_array< <template-parameter-1-1> >::value), _Tp>::type> std::make_shared(_Args&& ...) [with _Tp = backend::{anonymous}::VulkanBuffer; _Args = {shared_ptr<backend::{anonymous}::Device>&, long unsigned int&, bool}]’ at /usr/include/c++/13/bits/shared_ptr.h:1010:39,
    inlined from ‘VkDescriptorBufferInfo backend::{anonymous}::VulkanBackend::args(const void*, size_t)’ at /mnt/c/Users/Marko/AppData/Local/Temp/llmx-vulkan-cache-cleanup-20260925/src/backends/vulkan/vulkan_backend.cpp:2200:70:
/mnt/c/Users/Marko/AppData/Local/Temp/llmx-vulkan-cache-cleanup-20260925/tests/vulkan_buffer.cpp:19:64: warning: ‘void free(void*)’ called on pointer returned from a mismatched allocation function [-Wmismatched-new-delete]
   19 | void operator delete(void* p, std::size_t) noexcept { std::free(p); }
      |                                                       ~~~~~~~~~^~~
In member function ‘_Tp* std::__new_allocator<_Tp>::allocate(size_type, const void*) [with _Tp = std::_Sp_counted_ptr_inplace<backend::{anonymous}::VulkanBuffer, std::allocator<void>, __gnu_cxx::_S_atomic>]’,
    inlined from ‘static _Tp* std::allocator_traits<std::allocator<_CharT> >::allocate(allocator_type&, size_type) [with _Tp = std::_Sp_counted_ptr_inplace<backend::{anonymous}::VulkanBuffer, std::allocator<void>, __gnu_cxx::_S_atomic>]’ at /usr/include/c++/13/bits/alloc_traits.h:482:28,
    inlined from ‘std::__allocated_ptr<_Alloc> std::__allocate_guarded(_Alloc&) [with _Alloc = allocator<_Sp_counted_ptr_inplace<backend::{anonymous}::VulkanBuffer, allocator<void>, __gnu_cxx::_S_atomic> >]’ at /usr/include/c++/13/bits/allocated_ptr.h:98:69,
    inlined from ‘std::__shared_count<_Lp>::__shared_count(_Tp*&, std::_Sp_alloc_shared_tag<_Alloc>, _Args&& ...) [with _Tp = backend::{anonymous}::VulkanBuffer; _Alloc = std::allocator<void>; _Args = {std::shared_ptr<backend::{anonymous}::Device>&, long unsigned int&, bool}; __gnu_cxx::_Lock_policy _Lp = __gnu_cxx::_S_atomic]’ at /usr/include/c++/13/bits/shared_ptr_base.h:969:9,
    inlined from ‘std::__shared_ptr<_Tp, _Lp>::__shared_ptr(std::_Sp_alloc_shared_tag<_Tp>, _Args&& ...) [with _Alloc = std::allocator<void>; _Args = {std::shared_ptr<backend::{anonymous}::Device>&, long unsigned int&, bool}; _Tp = backend::{anonymous}::VulkanBuffer; __gnu_cxx::_Lock_policy _Lp = __gnu_cxx::_S_atomic]’ at /usr/include/c++/13/bits/shared_ptr_base.h:1712:14,
    inlined from ‘std::shared_ptr<_Tp>::shared_ptr(std::_Sp_alloc_shared_tag<_Tp>, _Args&& ...) [with _Alloc = std::allocator<void>; _Args = {std::shared_ptr<backend::{anonymous}::Device>&, long unsigned int&, bool}; _Tp = backend::{anonymous}::VulkanBuffer]’ at /usr/include/c++/13/bits/shared_ptr.h:464:59,
    inlined from ‘std::shared_ptr<typename std::enable_if<(! std::is_array< <template-parameter-1-1> >::value), _Tp>::type> std::make_shared(_Args&& ...) [with _Tp = backend::{anonymous}::VulkanBuffer; _Args = {shared_ptr<backend::{anonymous}::Device>&, long unsigned int&, bool}]’ at /usr/include/c++/13/bits/shared_ptr.h:1010:39,
    inlined from ‘VkDescriptorBufferInfo backend::{anonymous}::VulkanBackend::args(const void*, size_t)’ at /mnt/c/Users/Marko/AppData/Local/Temp/llmx-vulkan-cache-cleanup-20260925/src/backends/vulkan/vulkan_backend.cpp:2200:70:
/usr/include/c++/13/bits/new_allocator.h:151:55: note: returned from ‘void* operator new(std::size_t)’
  151 |         return static_cast<_Tp*>(_GLIBCXX_OPERATOR_NEW(__n * sizeof(_Tp)));
      |                                                       ^
In function ‘void operator delete(void*, std::size_t)’,
    inlined from ‘std::__detail::__unique_ptr_t<_Tp> std::make_unique(_Args&& ...) [with _Tp = backend::{anonymous}::VulkanBuffer; _Args = {shared_ptr<backend::{anonymous}::Device>&, const long unsigned int&, bool}]’ at /usr/include/c++/13/bits/unique_ptr.h:1070:30,
    inlined from ‘VkDescriptorBufferInfo backend::{anonymous}::VulkanBackend::args(const void*, size_t)’ at /mnt/c/Users/Marko/AppData/Local/Temp/llmx-vulkan-cache-cleanup-20260925/src/backends/vulkan/vulkan_backend.cpp:2205:65:
/mnt/c/Users/Marko/AppData/Local/Temp/llmx-vulkan-cache-cleanup-20260925/tests/vulkan_buffer.cpp:19:64: warning: ‘void free(void*)’ called on pointer returned from a mismatched allocation function [-Wmismatched-new-delete]
   19 | void operator delete(void* p, std::size_t) noexcept { std::free(p); }
      |                                                       ~~~~~~~~~^~~
In file included from /usr/include/c++/13/memory:78,
                 from /mnt/c/Users/Marko/AppData/Local/Temp/llmx-vulkan-cache-cleanup-20260925/src/format/gguf.hpp:6,
                 from /mnt/c/Users/Marko/AppData/Local/Temp/llmx-vulkan-cache-cleanup-20260925/src/backends/device_profile.hpp:12:
In function ‘std::__detail::__unique_ptr_t<_Tp> std::make_unique(_Args&& ...) [with _Tp = backend::{anonymous}::VulkanBuffer; _Args = {shared_ptr<backend::{anonymous}::Device>&, const long unsigned int&, bool}]’,
    inlined from ‘VkDescriptorBufferInfo backend::{anonymous}::VulkanBackend::args(const void*, size_t)’ at /mnt/c/Users/Marko/AppData/Local/Temp/llmx-vulkan-cache-cleanup-20260925/src/backends/vulkan/vulkan_backend.cpp:2205:65:
/usr/include/c++/13/bits/unique_ptr.h:1070:30: note: returned from ‘void* operator new(std::size_t)’
 1070 |     { return unique_ptr<_Tp>(new _Tp(std::forward<_Args>(__args)...)); }
      |                              ^~~~~~~~~~~~~~~~~~~~~~~~~~~~~~~~~~~~~~~
In function ‘void operator delete(void*, std::size_t)’,
    inlined from ‘std::__detail::__unique_ptr_t<_Tp> std::make_unique(_Args&& ...) [with _Tp = backend::{anonymous}::VulkanBuffer; _Args = {shared_ptr<backend::{anonymous}::Device>&, const long unsigned int&, bool}]’ at /usr/include/c++/13/bits/unique_ptr.h:1070:30,
    inlined from ‘VkDescriptorBufferInfo backend::{anonymous}::VulkanBackend::args(const void*, size_t)’ at /mnt/c/Users/Marko/AppData/Local/Temp/llmx-vulkan-cache-cleanup-20260925/src/backends/vulkan/vulkan_backend.cpp:2210:54:
/mnt/c/Users/Marko/AppData/Local/Temp/llmx-vulkan-cache-cleanup-20260925/tests/vulkan_buffer.cpp:19:64: warning: ‘void free(void*)’ called on pointer returned from a mismatched allocation function [-Wmismatched-new-delete]
   19 | void operator delete(void* p, std::size_t) noexcept { std::free(p); }
      |                                                       ~~~~~~~~~^~~
In function ‘std::__detail::__unique_ptr_t<_Tp> std::make_unique(_Args&& ...) [with _Tp = backend::{anonymous}::VulkanBuffer; _Args = {shared_ptr<backend::{anonymous}::Device>&, const long unsigned int&, bool}]’,
    inlined from ‘VkDescriptorBufferInfo backend::{anonymous}::VulkanBackend::args(const void*, size_t)’ at /mnt/c/Users/Marko/AppData/Local/Temp/llmx-vulkan-cache-cleanup-20260925/src/backends/vulkan/vulkan_backend.cpp:2210:54:
/usr/include/c++/13/bits/unique_ptr.h:1070:30: note: returned from ‘void* operator new(std::size_t)’
 1070 |     { return unique_ptr<_Tp>(new _Tp(std::forward<_Args>(__args)...)); }
      |                              ^~~~~~~~~~~~~~~~~~~~~~~~~~~~~~~~~~~~~~~
In function ‘void operator delete(void*, std::size_t)’,
    inlined from ‘std::__detail::__unique_ptr_t<_Tp> std::make_unique(_Args&& ...) [with _Tp = backend::{anonymous}::VulkanBuffer; _Args = {shared_ptr<backend::{anonymous}::Device>&, const long unsigned int&, bool}]’ at /usr/include/c++/13/bits/unique_ptr.h:1070:30,
    inlined from ‘backend::{anonymous}::VulkanBuffer& backend::{anonymous}::VulkanBackend::staging()’ at /mnt/c/Users/Marko/AppData/Local/Temp/llmx-vulkan-cache-cleanup-20260925/src/backends/vulkan/vulkan_backend.cpp:2399:65,
    inlined from ‘void backend::{anonymous}::VulkanBackend::_ZN7backend12_GLOBAL__N_113VulkanBackend6uploadERNS0_12VulkanBufferEmPKvm.part.0(backend::{anonymous}::VulkanBuffer&, size_t, const void*, size_t)’ at /mnt/c/Users/Marko/AppData/Local/Temp/llmx-vulkan-cache-cleanup-20260925/src/backends/vulkan/vulkan_backend.cpp:2407:35:
/mnt/c/Users/Marko/AppData/Local/Temp/llmx-vulkan-cache-cleanup-20260925/tests/vulkan_buffer.cpp:19:64: warning: ‘void free(void*)’ called on pointer returned from a mismatched allocation function [-Wmismatched-new-delete]
   19 | void operator delete(void* p, std::size_t) noexcept { std::free(p); }
      |                                                       ~~~~~~~~~^~~
In function ‘std::__detail::__unique_ptr_t<_Tp> std::make_unique(_Args&& ...) [with _Tp = backend::{anonymous}::VulkanBuffer; _Args = {shared_ptr<backend::{anonymous}::Device>&, const long unsigned int&, bool}]’,
    inlined from ‘backend::{anonymous}::VulkanBuffer& backend::{anonymous}::VulkanBackend::staging()’ at /mnt/c/Users/Marko/AppData/Local/Temp/llmx-vulkan-cache-cleanup-20260925/src/backends/vulkan/vulkan_backend.cpp:2399:65,
    inlined from ‘void backend::{anonymous}::VulkanBackend::_ZN7backend12_GLOBAL__N_113VulkanBackend6uploadERNS0_12VulkanBufferEmPKvm.part.0(backend::{anonymous}::VulkanBuffer&, size_t, const void*, size_t)’ at /mnt/c/Users/Marko/AppData/Local/Temp/llmx-vulkan-cache-cleanup-20260925/src/backends/vulkan/vulkan_backend.cpp:2407:35:
/usr/include/c++/13/bits/unique_ptr.h:1070:30: note: returned from ‘void* operator new(std::size_t)’
 1070 |     { return unique_ptr<_Tp>(new _Tp(std::forward<_Args>(__args)...)); }
      |                              ^~~~~~~~~~~~~~~~~~~~~~~~~~~~~~~~~~~~~~~
In function ‘void operator delete(void*, std::size_t)’,
    inlined from ‘void std::__new_allocator<_Tp>::deallocate(_Tp*, size_type) [with _Tp = std::_Sp_counted_ptr_inplace<backend::{anonymous}::VulkanBuffer, std::allocator<void>, __gnu_cxx::_S_atomic>]’ at /usr/include/c++/13/bits/new_allocator.h:172:26,
    inlined from ‘static void std::allocator_traits<std::allocator<_CharT> >::deallocate(allocator_type&, pointer, size_type) [with _Tp = std::_Sp_counted_ptr_inplace<backend::{anonymous}::VulkanBuffer, std::allocator<void>, __gnu_cxx::_S_atomic>]’ at /usr/include/c++/13/bits/alloc_traits.h:517:23,
    inlined from ‘std::__allocated_ptr<_Alloc>::~__allocated_ptr() [with _Alloc = std::allocator<std::_Sp_counted_ptr_inplace<backend::{anonymous}::VulkanBuffer, std::allocator<void>, __gnu_cxx::_S_atomic> >]’ at /usr/include/c++/13/bits/allocated_ptr.h:74:45,
    inlined from ‘std::__shared_count<_Lp>::__shared_count(_Tp*&, std::_Sp_alloc_shared_tag<_Alloc>, _Args&& ...) [with _Tp = backend::{anonymous}::VulkanBuffer; _Alloc = std::allocator<void>; _Args = {std::shared_ptr<backend::{anonymous}::Device>&, long unsigned int&, bool}; __gnu_cxx::_Lock_policy _Lp = __gnu_cxx::_S_atomic]’ at /usr/include/c++/13/bits/shared_ptr_base.h:976:2,
    inlined from ‘std::__shared_ptr<_Tp, _Lp>::__shared_ptr(std::_Sp_alloc_shared_tag<_Tp>, _Args&& ...) [with _Alloc = std::allocator<void>; _Args = {std::shared_ptr<backend::{anonymous}::Device>&, long unsigned int&, bool}; _Tp = backend::{anonymous}::VulkanBuffer; __gnu_cxx::_Lock_policy _Lp = __gnu_cxx::_S_atomic]’ at /usr/include/c++/13/bits/shared_ptr_base.h:1712:14,
    inlined from ‘std::shared_ptr<_Tp>::shared_ptr(std::_Sp_alloc_shared_tag<_Tp>, _Args&& ...) [with _Alloc = std::allocator<void>; _Args = {std::shared_ptr<backend::{anonymous}::Device>&, long unsigned int&, bool}; _Tp = backend::{anonymous}::VulkanBuffer]’ at /usr/include/c++/13/bits/shared_ptr.h:464:59,
    inlined from ‘std::shared_ptr<typename std::enable_if<(! std::is_array< <template-parameter-1-1> >::value), _Tp>::type> std::make_shared(_Args&& ...) [with _Tp = backend::{anonymous}::VulkanBuffer; _Args = {shared_ptr<backend::{anonymous}::Device>&, long unsigned int&, bool}]’ at /usr/include/c++/13/bits/shared_ptr.h:1010:39,
    inlined from ‘virtual backend::BufferPtr backend::{anonymous}::VulkanBackend::adopt(const void*, size_t)’ at /mnt/c/Users/Marko/AppData/Local/Temp/llmx-vulkan-cache-cleanup-20260925/src/backends/vulkan/vulkan_backend.cpp:1062:67:
/mnt/c/Users/Marko/AppData/Local/Temp/llmx-vulkan-cache-cleanup-20260925/tests/vulkan_buffer.cpp:19:64: warning: ‘void free(void*)’ called on pointer returned from a mismatched allocation function [-Wmismatched-new-delete]
   19 | void operator delete(void* p, std::size_t) noexcept { std::free(p); }
      |                                                       ~~~~~~~~~^~~
In member function ‘_Tp* std::__new_allocator<_Tp>::allocate(size_type, const void*) [with _Tp = std::_Sp_counted_ptr_inplace<backend::{anonymous}::VulkanBuffer, std::allocator<void>, __gnu_cxx::_S_atomic>]’,
    inlined from ‘static _Tp* std::allocator_traits<std::allocator<_CharT> >::allocate(allocator_type&, size_type) [with _Tp = std::_Sp_counted_ptr_inplace<backend::{anonymous}::VulkanBuffer, std::allocator<void>, __gnu_cxx::_S_atomic>]’ at /usr/include/c++/13/bits/alloc_traits.h:482:28,
    inlined from ‘std::__allocated_ptr<_Alloc> std::__allocate_guarded(_Alloc&) [with _Alloc = allocator<_Sp_counted_ptr_inplace<backend::{anonymous}::VulkanBuffer, allocator<void>, __gnu_cxx::_S_atomic> >]’ at /usr/include/c++/13/bits/allocated_ptr.h:98:69,
    inlined from ‘std::__shared_count<_Lp>::__shared_count(_Tp*&, std::_Sp_alloc_shared_tag<_Alloc>, _Args&& ...) [with _Tp = backend::{anonymous}::VulkanBuffer; _Alloc = std::allocator<void>; _Args = {std::shared_ptr<backend::{anonymous}::Device>&, long unsigned int&, bool}; __gnu_cxx::_Lock_policy _Lp = __gnu_cxx::_S_atomic]’ at /usr/include/c++/13/bits/shared_ptr_base.h:969:9,
    inlined from ‘std::__shared_ptr<_Tp, _Lp>::__shared_ptr(std::_Sp_alloc_shared_tag<_Tp>, _Args&& ...) [with _Alloc = std::allocator<void>; _Args = {std::shared_ptr<backend::{anonymous}::Device>&, long unsigned int&, bool}; _Tp = backend::{anonymous}::VulkanBuffer; __gnu_cxx::_Lock_policy _Lp = __gnu_cxx::_S_atomic]’ at /usr/include/c++/13/bits/shared_ptr_base.h:1712:14,
    inlined from ‘std::shared_ptr<_Tp>::shared_ptr(std::_Sp_alloc_shared_tag<_Tp>, _Args&& ...) [with _Alloc = std::allocator<void>; _Args = {std::shared_ptr<backend::{anonymous}::Device>&, long unsigned int&, bool}; _Tp = backend::{anonymous}::VulkanBuffer]’ at /usr/include/c++/13/bits/shared_ptr.h:464:59,
    inlined from ‘std::shared_ptr<typename std::enable_if<(! std::is_array< <template-parameter-1-1> >::value), _Tp>::type> std::make_shared(_Args&& ...) [with _Tp = backend::{anonymous}::VulkanBuffer; _Args = {shared_ptr<backend::{anonymous}::Device>&, long unsigned int&, bool}]’ at /usr/include/c++/13/bits/shared_ptr.h:1010:39,
    inlined from ‘virtual backend::BufferPtr backend::{anonymous}::VulkanBackend::adopt(const void*, size_t)’ at /mnt/c/Users/Marko/AppData/Local/Temp/llmx-vulkan-cache-cleanup-20260925/src/backends/vulkan/vulkan_backend.cpp:1062:67:
/usr/include/c++/13/bits/new_allocator.h:151:55: note: returned from ‘void* operator new(std::size_t)’
  151 |         return static_cast<_Tp*>(_GLIBCXX_OPERATOR_NEW(__n * sizeof(_Tp)));
      |                                                       ^
In function ‘void operator delete(void*, std::size_t)’,
    inlined from ‘std::__detail::__unique_ptr_t<_Tp> std::make_unique(_Args&& ...) [with _Tp = backend::{anonymous}::VulkanBuffer; _Args = {shared_ptr<backend::{anonymous}::Device>&, const long unsigned int&, bool}]’ at /usr/include/c++/13/bits/unique_ptr.h:1070:30,
    inlined from ‘backend::{anonymous}::VulkanBuffer& backend::{anonymous}::VulkanBackend::staging()’ at /mnt/c/Users/Marko/AppData/Local/Temp/llmx-vulkan-cache-cleanup-20260925/src/backends/vulkan/vulkan_backend.cpp:2399:65,
    inlined from ‘virtual void backend::{anonymous}::VulkanBackend::read(const backend::Buffer&, size_t, void*, size_t)’ at /mnt/c/Users/Marko/AppData/Local/Temp/llmx-vulkan-cache-cleanup-20260925/src/backends/vulkan/vulkan_backend.cpp:1169:35:
/mnt/c/Users/Marko/AppData/Local/Temp/llmx-vulkan-cache-cleanup-20260925/tests/vulkan_buffer.cpp:19:64: warning: ‘void free(void*)’ called on pointer returned from a mismatched allocation function [-Wmismatched-new-delete]
   19 | void operator delete(void* p, std::size_t) noexcept { std::free(p); }
      |                                                       ~~~~~~~~~^~~
In function ‘std::__detail::__unique_ptr_t<_Tp> std::make_unique(_Args&& ...) [with _Tp = backend::{anonymous}::VulkanBuffer; _Args = {shared_ptr<backend::{anonymous}::Device>&, const long unsigned int&, bool}]’,
    inlined from ‘backend::{anonymous}::VulkanBuffer& backend::{anonymous}::VulkanBackend::staging()’ at /mnt/c/Users/Marko/AppData/Local/Temp/llmx-vulkan-cache-cleanup-20260925/src/backends/vulkan/vulkan_backend.cpp:2399:65,
    inlined from ‘virtual void backend::{anonymous}::VulkanBackend::read(const backend::Buffer&, size_t, void*, size_t)’ at /mnt/c/Users/Marko/AppData/Local/Temp/llmx-vulkan-cache-cleanup-20260925/src/backends/vulkan/vulkan_backend.cpp:1169:35:
/usr/include/c++/13/bits/unique_ptr.h:1070:30: note: returned from ‘void* operator new(std::size_t)’
 1070 |     { return unique_ptr<_Tp>(new _Tp(std::forward<_Args>(__args)...)); }
      |                              ^~~~~~~~~~~~~~~~~~~~~~~~~~~~~~~~~~~~~~~
In function ‘void operator delete(void*, std::size_t)’,
    inlined from ‘std::__detail::__unique_ptr_t<_Tp> std::make_unique(_Args&& ...) [with _Tp = backend::{anonymous}::VulkanKVStorage; _Args = {backend::{anonymous}::VulkanBackend&, long unsigned int&, long unsigned int&, long unsigned int&, long unsigned int, backend::KVType&, backend::KVType&}]’ at /usr/include/c++/13/bits/unique_ptr.h:1070:30,
    inlined from ‘virtual std::unique_ptr<backend::KVStorage> backend::{anonymous}::VulkanBackend::kv_alloc(size_t, size_t, size_t, size_t, backend::KVType, backend::KVType)’ at /mnt/c/Users/Marko/AppData/Local/Temp/llmx-vulkan-cache-cleanup-20260925/src/backends/vulkan/vulkan_backend.cpp:1947:49:
/mnt/c/Users/Marko/AppData/Local/Temp/llmx-vulkan-cache-cleanup-20260925/tests/vulkan_buffer.cpp:19:64: warning: ‘void free(void*)’ called on pointer returned from a mismatched allocation function [-Wmismatched-new-delete]
   19 | void operator delete(void* p, std::size_t) noexcept { std::free(p); }
      |                                                       ~~~~~~~~~^~~
In function ‘std::__detail::__unique_ptr_t<_Tp> std::make_unique(_Args&& ...) [with _Tp = backend::{anonymous}::VulkanKVStorage; _Args = {backend::{anonymous}::VulkanBackend&, long unsigned int&, long unsigned int&, long unsigned int&, long unsigned int, backend::KVType&, backend::KVType&}]’,
    inlined from ‘virtual std::unique_ptr<backend::KVStorage> backend::{anonymous}::VulkanBackend::kv_alloc(size_t, size_t, size_t, size_t, backend::KVType, backend::KVType)’ at /mnt/c/Users/Marko/AppData/Local/Temp/llmx-vulkan-cache-cleanup-20260925/src/backends/vulkan/vulkan_backend.cpp:1947:49:
/usr/include/c++/13/bits/unique_ptr.h:1070:30: note: returned from ‘void* operator new(std::size_t)’
 1070 |     { return unique_ptr<_Tp>(new _Tp(std::forward<_Args>(__args)...)); }
      |                              ^~~~~~~~~~~~~~~~~~~~~~~~~~~~~~~~~~~~~~~
In function ‘void operator delete(void*, std::size_t)’,
    inlined from ‘void std::__new_allocator<_Tp>::deallocate(_Tp*, size_type) [with _Tp = VkDescriptorSetLayoutBinding]’ at /usr/include/c++/13/bits/new_allocator.h:172:26,
    inlined from ‘static void std::allocator_traits<std::allocator<_CharT> >::deallocate(allocator_type&, pointer, size_type) [with _Tp = VkDescriptorSetLayoutBinding]’ at /usr/include/c++/13/bits/alloc_traits.h:517:23,
    inlined from ‘void std::_Vector_base<_Tp, _Alloc>::_M_deallocate(pointer, std::size_t) [with _Tp = VkDescriptorSetLayoutBinding; _Alloc = std::allocator<VkDescriptorSetLayoutBinding>]’ at /usr/include/c++/13/bits/stl_vector.h:390:19,
    inlined from ‘std::_Vector_base<_Tp, _Alloc>::~_Vector_base() [with _Tp = VkDescriptorSetLayoutBinding; _Alloc = std::allocator<VkDescriptorSetLayoutBinding>]’ at /usr/include/c++/13/bits/stl_vector.h:369:15,
    inlined from ‘std::vector<_Tp, _Alloc>::~vector() [with _Tp = VkDescriptorSetLayoutBinding; _Alloc = std::allocator<VkDescriptorSetLayoutBinding>]’ at /usr/include/c++/13/bits/stl_vector.h:738:7,
    inlined from ‘backend::{anonymous}::Kernel& backend::{anonymous}::VulkanBackend::kernel(backend::{anonymous}::KernelId, int)’ at /mnt/c/Users/Marko/AppData/Local/Temp/llmx-vulkan-cache-cleanup-20260925/src/backends/vulkan/vulkan_backend.cpp:2299:9:
/mnt/c/Users/Marko/AppData/Local/Temp/llmx-vulkan-cache-cleanup-20260925/tests/vulkan_buffer.cpp:19:64: warning: ‘void free(void*)’ called on pointer returned from a mismatched allocation function [-Wmismatched-new-delete]
   19 | void operator delete(void* p, std::size_t) noexcept { std::free(p); }
      |                                                       ~~~~~~~~~^~~
In member function ‘_Tp* std::__new_allocator<_Tp>::allocate(size_type, const void*) [with _Tp = VkDescriptorSetLayoutBinding]’,
    inlined from ‘static _Tp* std::allocator_traits<std::allocator<_CharT> >::allocate(allocator_type&, size_type) [with _Tp = VkDescriptorSetLayoutBinding]’ at /usr/include/c++/13/bits/alloc_traits.h:482:28,
    inlined from ‘std::_Vector_base<_Tp, _Alloc>::pointer std::_Vector_base<_Tp, _Alloc>::_M_allocate(std::size_t) [with _Tp = VkDescriptorSetLayoutBinding; _Alloc = std::allocator<VkDescriptorSetLayoutBinding>]’ at /usr/include/c++/13/bits/stl_vector.h:381:33,
    inlined from ‘void std::_Vector_base<_Tp, _Alloc>::_M_create_storage(std::size_t) [with _Tp = VkDescriptorSetLayoutBinding; _Alloc = std::allocator<VkDescriptorSetLayoutBinding>]’ at /usr/include/c++/13/bits/stl_vector.h:398:44,
    inlined from ‘std::_Vector_base<_Tp, _Alloc>::_Vector_base(std::size_t, const allocator_type&) [with _Tp = VkDescriptorSetLayoutBinding; _Alloc = std::allocator<VkDescriptorSetLayoutBinding>]’ at /usr/include/c++/13/bits/stl_vector.h:335:26,
    inlined from ‘std::vector<_Tp, _Alloc>::vector(size_type, const allocator_type&) [with _Tp = VkDescriptorSetLayoutBinding; _Alloc = std::allocator<VkDescriptorSetLayoutBinding>]’ at /usr/include/c++/13/bits/stl_vector.h:557:47,
    inlined from ‘backend::{anonymous}::Kernel& backend::{anonymous}::VulkanBackend::kernel(backend::{anonymous}::KernelId, int)’ at /mnt/c/Users/Marko/AppData/Local/Temp/llmx-vulkan-cache-cleanup-20260925/src/backends/vulkan/vulkan_backend.cpp:2241:76:
/usr/include/c++/13/bits/new_allocator.h:151:55: note: returned from ‘void* operator new(std::size_t)’
  151 |         return static_cast<_Tp*>(_GLIBCXX_OPERATOR_NEW(__n * sizeof(_Tp)));
      |                                                       ^
In function ‘void operator delete(void*, std::size_t)’,
    inlined from ‘void std::__new_allocator<_Tp>::deallocate(_Tp*, size_type) [with _Tp = std::_Sp_counted_ptr_inplace<backend::{anonymous}::Device, std::allocator<void>, __gnu_cxx::_S_atomic>]’ at /usr/include/c++/13/bits/new_allocator.h:172:26,
    inlined from ‘static void std::allocator_traits<std::allocator<_CharT> >::deallocate(allocator_type&, pointer, size_type) [with _Tp = std::_Sp_counted_ptr_inplace<backend::{anonymous}::Device, std::allocator<void>, __gnu_cxx::_S_atomic>]’ at /usr/include/c++/13/bits/alloc_traits.h:517:23,
    inlined from ‘std::__allocated_ptr<_Alloc>::~__allocated_ptr() [with _Alloc = std::allocator<std::_Sp_counted_ptr_inplace<backend::{anonymous}::Device, std::allocator<void>, __gnu_cxx::_S_atomic> >]’ at /usr/include/c++/13/bits/allocated_ptr.h:74:45,
    inlined from ‘std::__shared_count<_Lp>::__shared_count(_Tp*&, std::_Sp_alloc_shared_tag<_Alloc>, _Args&& ...) [with _Tp = backend::{anonymous}::Device; _Alloc = std::allocator<void>; _Args = {}; __gnu_cxx::_Lock_policy _Lp = __gnu_cxx::_S_atomic]’ at /usr/include/c++/13/bits/shared_ptr_base.h:976:2,
    inlined from ‘std::__shared_ptr<_Tp, _Lp>::__shared_ptr(std::_Sp_alloc_shared_tag<_Tp>, _Args&& ...) [with _Alloc = std::allocator<void>; _Args = {}; _Tp = backend::{anonymous}::Device; __gnu_cxx::_Lock_policy _Lp = __gnu_cxx::_S_atomic]’ at /usr/include/c++/13/bits/shared_ptr_base.h:1712:14,
    inlined from ‘std::shared_ptr<_Tp>::shared_ptr(std::_Sp_alloc_shared_tag<_Tp>, _Args&& ...) [with _Alloc = std::allocator<void>; _Args = {}; _Tp = backend::{anonymous}::Device]’ at /usr/include/c++/13/bits/shared_ptr.h:464:59,
    inlined from ‘std::shared_ptr<typename std::enable_if<(! std::is_array< <template-parameter-1-1> >::value), _Tp>::type> std::make_shared(_Args&& ...) [with _Tp = backend::{anonymous}::Device; _Args = {}]’ at /usr/include/c++/13/bits/shared_ptr.h:1010:39,
    inlined from ‘backend::{anonymous}::VulkanBackend::VulkanBackend(int, bool)’ at /mnt/c/Users/Marko/AppData/Local/Temp/llmx-vulkan-cache-cleanup-20260925/src/backends/vulkan/vulkan_backend.cpp:643:67:
/mnt/c/Users/Marko/AppData/Local/Temp/llmx-vulkan-cache-cleanup-20260925/tests/vulkan_buffer.cpp:19:64: warning: ‘void free(void*)’ called on pointer returned from a mismatched allocation function [-Wmismatched-new-delete]
   19 | void operator delete(void* p, std::size_t) noexcept { std::free(p); }
      |                                                       ~~~~~~~~~^~~
In member function ‘_Tp* std::__new_allocator<_Tp>::allocate(size_type, const void*) [with _Tp = std::_Sp_counted_ptr_inplace<backend::{anonymous}::Device, std::allocator<void>, __gnu_cxx::_S_atomic>]’,
    inlined from ‘static _Tp* std::allocator_traits<std::allocator<_CharT> >::allocate(allocator_type&, size_type) [with _Tp = std::_Sp_counted_ptr_inplace<backend::{anonymous}::Device, std::allocator<void>, __gnu_cxx::_S_atomic>]’ at /usr/include/c++/13/bits/alloc_traits.h:482:28,
    inlined from ‘std::__allocated_ptr<_Alloc> std::__allocate_guarded(_Alloc&) [with _Alloc = allocator<_Sp_counted_ptr_inplace<backend::{anonymous}::Device, allocator<void>, __gnu_cxx::_S_atomic> >]’ at /usr/include/c++/13/bits/allocated_ptr.h:98:69,
    inlined from ‘std::__shared_count<_Lp>::__shared_count(_Tp*&, std::_Sp_alloc_shared_tag<_Alloc>, _Args&& ...) [with _Tp = backend::{anonymous}::Device; _Alloc = std::allocator<void>; _Args = {}; __gnu_cxx::_Lock_policy _Lp = __gnu_cxx::_S_atomic]’ at /usr/include/c++/13/bits/shared_ptr_base.h:969:9,
    inlined from ‘std::__shared_ptr<_Tp, _Lp>::__shared_ptr(std::_Sp_alloc_shared_tag<_Tp>, _Args&& ...) [with _Alloc = std::allocator<void>; _Args = {}; _Tp = backend::{anonymous}::Device; __gnu_cxx::_Lock_policy _Lp = __gnu_cxx::_S_atomic]’ at /usr/include/c++/13/bits/shared_ptr_base.h:1712:14,
    inlined from ‘std::shared_ptr<_Tp>::shared_ptr(std::_Sp_alloc_shared_tag<_Tp>, _Args&& ...) [with _Alloc = std::allocator<void>; _Args = {}; _Tp = backend::{anonymous}::Device]’ at /usr/include/c++/13/bits/shared_ptr.h:464:59,
    inlined from ‘std::shared_ptr<typename std::enable_if<(! std::is_array< <template-parameter-1-1> >::value), _Tp>::type> std::make_shared(_Args&& ...) [with _Tp = backend::{anonymous}::Device; _Args = {}]’ at /usr/include/c++/13/bits/shared_ptr.h:1010:39,
    inlined from ‘backend::{anonymous}::VulkanBackend::VulkanBackend(int, bool)’ at /mnt/c/Users/Marko/AppData/Local/Temp/llmx-vulkan-cache-cleanup-20260925/src/backends/vulkan/vulkan_backend.cpp:643:67:
/usr/include/c++/13/bits/new_allocator.h:151:55: note: returned from ‘void* operator new(std::size_t)’
  151 |         return static_cast<_Tp*>(_GLIBCXX_OPERATOR_NEW(__n * sizeof(_Tp)));
      |                                                       ^
In function ‘void operator delete(void*, std::size_t)’,
    inlined from ‘void std::__new_allocator<_Tp>::deallocate(_Tp*, size_type) [with _Tp = VkPhysicalDevice_T*]’ at /usr/include/c++/13/bits/new_allocator.h:172:26,
    inlined from ‘static void std::allocator_traits<std::allocator<_CharT> >::deallocate(allocator_type&, pointer, size_type) [with _Tp = VkPhysicalDevice_T*]’ at /usr/include/c++/13/bits/alloc_traits.h:517:23,
    inlined from ‘void std::_Vector_base<_Tp, _Alloc>::_M_deallocate(pointer, std::size_t) [with _Tp = VkPhysicalDevice_T*; _Alloc = std::allocator<VkPhysicalDevice_T*>]’ at /usr/include/c++/13/bits/stl_vector.h:390:19,
    inlined from ‘std::_Vector_base<_Tp, _Alloc>::~_Vector_base() [with _Tp = VkPhysicalDevice_T*; _Alloc = std::allocator<VkPhysicalDevice_T*>]’ at /usr/include/c++/13/bits/stl_vector.h:369:15,
    inlined from ‘std::vector<_Tp, _Alloc>::~vector() [with _Tp = VkPhysicalDevice_T*; _Alloc = std::allocator<VkPhysicalDevice_T*>]’ at /usr/include/c++/13/bits/stl_vector.h:738:7,
    inlined from ‘backend::{anonymous}::VulkanBackend::VulkanBackend(int, bool)’ at /mnt/c/Users/Marko/AppData/Local/Temp/llmx-vulkan-cache-cleanup-20260925/src/backends/vulkan/vulkan_backend.cpp:890:5:
/mnt/c/Users/Marko/AppData/Local/Temp/llmx-vulkan-cache-cleanup-20260925/tests/vulkan_buffer.cpp:19:64: warning: ‘void free(void*)’ called on pointer returned from a mismatched allocation function [-Wmismatched-new-delete]
   19 | void operator delete(void* p, std::size_t) noexcept { std::free(p); }
      |                                                       ~~~~~~~~~^~~
In member function ‘_Tp* std::__new_allocator<_Tp>::allocate(size_type, const void*) [with _Tp = VkPhysicalDevice_T*]’,
    inlined from ‘static _Tp* std::allocator_traits<std::allocator<_CharT> >::allocate(allocator_type&, size_type) [with _Tp = VkPhysicalDevice_T*]’ at /usr/include/c++/13/bits/alloc_traits.h:482:28,
    inlined from ‘std::_Vector_base<_Tp, _Alloc>::pointer std::_Vector_base<_Tp, _Alloc>::_M_allocate(std::size_t) [with _Tp = VkPhysicalDevice_T*; _Alloc = std::allocator<VkPhysicalDevice_T*>]’ at /usr/include/c++/13/bits/stl_vector.h:381:33,
    inlined from ‘void std::_Vector_base<_Tp, _Alloc>::_M_create_storage(std::size_t) [with _Tp = VkPhysicalDevice_T*; _Alloc = std::allocator<VkPhysicalDevice_T*>]’ at /usr/include/c++/13/bits/stl_vector.h:398:44,
    inlined from ‘std::_Vector_base<_Tp, _Alloc>::_Vector_base(std::size_t, const allocator_type&) [with _Tp = VkPhysicalDevice_T*; _Alloc = std::allocator<VkPhysicalDevice_T*>]’ at /usr/include/c++/13/bits/stl_vector.h:335:26,
    inlined from ‘std::vector<_Tp, _Alloc>::vector(size_type, const allocator_type&) [with _Tp = VkPhysicalDevice_T*; _Alloc = std::allocator<VkPhysicalDevice_T*>]’ at /usr/include/c++/13/bits/stl_vector.h:557:47,
    inlined from ‘backend::{anonymous}::VulkanBackend::VulkanBackend(int, bool)’ at /mnt/c/Users/Marko/AppData/Local/Temp/llmx-vulkan-cache-cleanup-20260925/src/backends/vulkan/vulkan_backend.cpp:679:52:
/usr/include/c++/13/bits/new_allocator.h:151:55: note: returned from ‘void* operator new(std::size_t)’
  151 |         return static_cast<_Tp*>(_GLIBCXX_OPERATOR_NEW(__n * sizeof(_Tp)));
      |                                                       ^
In function ‘void operator delete(void*, std::size_t)’,
    inlined from ‘void std::__new_allocator<_Tp>::deallocate(_Tp*, size_type) [with _Tp = VkPhysicalDevice_T*]’ at /usr/include/c++/13/bits/new_allocator.h:172:26,
    inlined from ‘static void std::allocator_traits<std::allocator<_CharT> >::deallocate(allocator_type&, pointer, size_type) [with _Tp = VkPhysicalDevice_T*]’ at /usr/include/c++/13/bits/alloc_traits.h:517:23,
    inlined from ‘void std::_Vector_base<_Tp, _Alloc>::_M_deallocate(pointer, std::size_t) [with _Tp = VkPhysicalDevice_T*; _Alloc = std::allocator<VkPhysicalDevice_T*>]’ at /usr/include/c++/13/bits/stl_vector.h:390:19,
    inlined from ‘std::_Vector_base<_Tp, _Alloc>::~_Vector_base() [with _Tp = VkPhysicalDevice_T*; _Alloc = std::allocator<VkPhysicalDevice_T*>]’ at /usr/include/c++/13/bits/stl_vector.h:369:15,
    inlined from ‘std::vector<_Tp, _Alloc>::~vector() [with _Tp = VkPhysicalDevice_T*; _Alloc = std::allocator<VkPhysicalDevice_T*>]’ at /usr/include/c++/13/bits/stl_vector.h:738:7,
    inlined from ‘backend::{anonymous}::VulkanBackend::VulkanBackend(int, bool)’ at /mnt/c/Users/Marko/AppData/Local/Temp/llmx-vulkan-cache-cleanup-20260925/src/backends/vulkan/vulkan_backend.cpp:890:5:
/mnt/c/Users/Marko/AppData/Local/Temp/llmx-vulkan-cache-cleanup-20260925/tests/vulkan_buffer.cpp:19:64: warning: ‘void free(void*)’ called on pointer returned from a mismatched allocation function [-Wmismatched-new-delete]
   19 | void operator delete(void* p, std::size_t) noexcept { std::free(p); }
      |                                                       ~~~~~~~~~^~~
In member function ‘_Tp* std::__new_allocator<_Tp>::allocate(size_type, const void*) [with _Tp = VkPhysicalDevice_T*]’,
    inlined from ‘static _Tp* std::allocator_traits<std::allocator<_CharT> >::allocate(allocator_type&, size_type) [with _Tp = VkPhysicalDevice_T*]’ at /usr/include/c++/13/bits/alloc_traits.h:482:28,
    inlined from ‘std::_Vector_base<_Tp, _Alloc>::pointer std::_Vector_base<_Tp, _Alloc>::_M_allocate(std::size_t) [with _Tp = VkPhysicalDevice_T*; _Alloc = std::allocator<VkPhysicalDevice_T*>]’ at /usr/include/c++/13/bits/stl_vector.h:381:33,
    inlined from ‘void std::_Vector_base<_Tp, _Alloc>::_M_create_storage(std::size_t) [with _Tp = VkPhysicalDevice_T*; _Alloc = std::allocator<VkPhysicalDevice_T*>]’ at /usr/include/c++/13/bits/stl_vector.h:398:44,
    inlined from ‘std::_Vector_base<_Tp, _Alloc>::_Vector_base(std::size_t, const allocator_type&) [with _Tp = VkPhysicalDevice_T*; _Alloc = std::allocator<VkPhysicalDevice_T*>]’ at /usr/include/c++/13/bits/stl_vector.h:335:26,
    inlined from ‘std::vector<_Tp, _Alloc>::vector(size_type, const allocator_type&) [with _Tp = VkPhysicalDevice_T*; _Alloc = std::allocator<VkPhysicalDevice_T*>]’ at /usr/include/c++/13/bits/stl_vector.h:557:47,
    inlined from ‘backend::{anonymous}::VulkanBackend::VulkanBackend(int, bool)’ at /mnt/c/Users/Marko/AppData/Local/Temp/llmx-vulkan-cache-cleanup-20260925/src/backends/vulkan/vulkan_backend.cpp:679:52:
/usr/include/c++/13/bits/new_allocator.h:151:55: note: returned from ‘void* operator new(std::size_t)’
  151 |         return static_cast<_Tp*>(_GLIBCXX_OPERATOR_NEW(__n * sizeof(_Tp)));
      |                                                       ^
In function ‘void operator delete(void*, std::size_t)’,
    inlined from ‘void std::__new_allocator<_Tp>::deallocate(_Tp*, size_type) [with _Tp = std::_Sp_counted_ptr_inplace<backend::{anonymous}::VulkanBackend, std::allocator<void>, __gnu_cxx::_S_atomic>]’ at /usr/include/c++/13/bits/new_allocator.h:172:26,
    inlined from ‘static void std::allocator_traits<std::allocator<_CharT> >::deallocate(allocator_type&, pointer, size_type) [with _Tp = std::_Sp_counted_ptr_inplace<backend::{anonymous}::VulkanBackend, std::allocator<void>, __gnu_cxx::_S_atomic>]’ at /usr/include/c++/13/bits/alloc_traits.h:517:23,
    inlined from ‘std::__allocated_ptr<_Alloc>::~__allocated_ptr() [with _Alloc = std::allocator<std::_Sp_counted_ptr_inplace<backend::{anonymous}::VulkanBackend, std::allocator<void>, __gnu_cxx::_S_atomic> >]’ at /usr/include/c++/13/bits/allocated_ptr.h:74:45,
    inlined from ‘std::__shared_count<_Lp>::__shared_count(_Tp*&, std::_Sp_alloc_shared_tag<_Alloc>, _Args&& ...) [with _Tp = backend::{anonymous}::VulkanBackend; _Alloc = std::allocator<void>; _Args = {int&, bool&}; __gnu_cxx::_Lock_policy _Lp = __gnu_cxx::_S_atomic]’ at /usr/include/c++/13/bits/shared_ptr_base.h:976:2,
    inlined from ‘std::__shared_ptr<_Tp, _Lp>::__shared_ptr(std::_Sp_alloc_shared_tag<_Tp>, _Args&& ...) [with _Alloc = std::allocator<void>; _Args = {int&, bool&}; _Tp = backend::{anonymous}::VulkanBackend; __gnu_cxx::_Lock_policy _Lp = __gnu_cxx::_S_atomic]’ at /usr/include/c++/13/bits/shared_ptr_base.h:1712:14,
    inlined from ‘std::shared_ptr<_Tp>::shared_ptr(std::_Sp_alloc_shared_tag<_Tp>, _Args&& ...) [with _Alloc = std::allocator<void>; _Args = {int&, bool&}; _Tp = backend::{anonymous}::VulkanBackend]’ at /usr/include/c++/13/bits/shared_ptr.h:464:59,
    inlined from ‘std::shared_ptr<typename std::enable_if<(! std::is_array< <template-parameter-1-1> >::value), _Tp>::type> std::make_shared(_Args&& ...) [with _Tp = backend::{anonymous}::VulkanBackend; _Args = {int&, bool&}]’ at /usr/include/c++/13/bits/shared_ptr.h:1010:39,
    inlined from ‘backend::BackendPtr backend::make_vulkan_backend(int, bool)’ at /mnt/c/Users/Marko/AppData/Local/Temp/llmx-vulkan-cache-cleanup-20260925/src/backends/vulkan/vulkan_backend.cpp:2502:43:
/mnt/c/Users/Marko/AppData/Local/Temp/llmx-vulkan-cache-cleanup-20260925/tests/vulkan_buffer.cpp:19:64: warning: ‘void free(void*)’ called on pointer returned from a mismatched allocation function [-Wmismatched-new-delete]
   19 | void operator delete(void* p, std::size_t) noexcept { std::free(p); }
      |                                                       ~~~~~~~~~^~~
In member function ‘_Tp* std::__new_allocator<_Tp>::allocate(size_type, const void*) [with _Tp = std::_Sp_counted_ptr_inplace<backend::{anonymous}::VulkanBackend, std::allocator<void>, __gnu_cxx::_S_atomic>]’,
    inlined from ‘static _Tp* std::allocator_traits<std::allocator<_CharT> >::allocate(allocator_type&, size_type) [with _Tp = std::_Sp_counted_ptr_inplace<backend::{anonymous}::VulkanBackend, std::allocator<void>, __gnu_cxx::_S_atomic>]’ at /usr/include/c++/13/bits/alloc_traits.h:482:28,
    inlined from ‘std::__allocated_ptr<_Alloc> std::__allocate_guarded(_Alloc&) [with _Alloc = allocator<_Sp_counted_ptr_inplace<backend::{anonymous}::VulkanBackend, allocator<void>, __gnu_cxx::_S_atomic> >]’ at /usr/include/c++/13/bits/allocated_ptr.h:98:69,
    inlined from ‘std::__shared_count<_Lp>::__shared_count(_Tp*&, std::_Sp_alloc_shared_tag<_Alloc>, _Args&& ...) [with _Tp = backend::{anonymous}::VulkanBackend; _Alloc = std::allocator<void>; _Args = {int&, bool&}; __gnu_cxx::_Lock_policy _Lp = __gnu_cxx::_S_atomic]’ at /usr/include/c++/13/bits/shared_ptr_base.h:969:9,
    inlined from ‘std::__shared_ptr<_Tp, _Lp>::__shared_ptr(std::_Sp_alloc_shared_tag<_Tp>, _Args&& ...) [with _Alloc = std::allocator<void>; _Args = {int&, bool&}; _Tp = backend::{anonymous}::VulkanBackend; __gnu_cxx::_Lock_policy _Lp = __gnu_cxx::_S_atomic]’ at /usr/include/c++/13/bits/shared_ptr_base.h:1712:14,
    inlined from ‘std::shared_ptr<_Tp>::shared_ptr(std::_Sp_alloc_shared_tag<_Tp>, _Args&& ...) [with _Alloc = std::allocator<void>; _Args = {int&, bool&}; _Tp = backend::{anonymous}::VulkanBackend]’ at /usr/include/c++/13/bits/shared_ptr.h:464:59,
    inlined from ‘std::shared_ptr<typename std::enable_if<(! std::is_array< <template-parameter-1-1> >::value), _Tp>::type> std::make_shared(_Args&& ...) [with _Tp = backend::{anonymous}::VulkanBackend; _Args = {int&, bool&}]’ at /usr/include/c++/13/bits/shared_ptr.h:1010:39,
    inlined from ‘backend::BackendPtr backend::make_vulkan_backend(int, bool)’ at /mnt/c/Users/Marko/AppData/Local/Temp/llmx-vulkan-cache-cleanup-20260925/src/backends/vulkan/vulkan_backend.cpp:2502:43:
/usr/include/c++/13/bits/new_allocator.h:151:55: note: returned from ‘void* operator new(std::size_t)’
  151 |         return static_cast<_Tp*>(_GLIBCXX_OPERATOR_NEW(__n * sizeof(_Tp)));
      |                                                       ^
In function ‘void operator delete(void*, std::size_t)’,
    inlined from ‘void std::__new_allocator<_Tp>::deallocate(_Tp*, size_type) [with _Tp = std::_Sp_counted_ptr_inplace<backend::{anonymous}::VulkanBackend, std::allocator<void>, __gnu_cxx::_S_atomic>]’ at /usr/include/c++/13/bits/new_allocator.h:172:26,
    inlined from ‘static void std::allocator_traits<std::allocator<_CharT> >::deallocate(allocator_type&, pointer, size_type) [with _Tp = std::_Sp_counted_ptr_inplace<backend::{anonymous}::VulkanBackend, std::allocator<void>, __gnu_cxx::_S_atomic>]’ at /usr/include/c++/13/bits/alloc_traits.h:517:23,
    inlined from ‘std::__allocated_ptr<_Alloc>::~__allocated_ptr() [with _Alloc = std::allocator<std::_Sp_counted_ptr_inplace<backend::{anonymous}::VulkanBackend, std::allocator<void>, __gnu_cxx::_S_atomic> >]’ at /usr/include/c++/13/bits/allocated_ptr.h:74:45,
    inlined from ‘std::__shared_count<_Lp>::__shared_count(_Tp*&, std::_Sp_alloc_shared_tag<_Alloc>, _Args&& ...) [with _Tp = backend::{anonymous}::VulkanBackend; _Alloc = std::allocator<void>; _Args = {int&, bool&}; __gnu_cxx::_Lock_policy _Lp = __gnu_cxx::_S_atomic]’ at /usr/include/c++/13/bits/shared_ptr_base.h:976:2:
/mnt/c/Users/Marko/AppData/Local/Temp/llmx-vulkan-cache-cleanup-20260925/tests/vulkan_buffer.cpp:19:64: warning: ‘void free(void*)’ called on pointer returned from a mismatched allocation function [-Wmismatched-new-delete]
   19 | void operator delete(void* p, std::size_t) noexcept { std::free(p); }
      |                                                       ~~~~~~~~~^~~
In member function ‘_Tp* std::__new_allocator<_Tp>::allocate(size_type, const void*) [with _Tp = std::_Sp_counted_ptr_inplace<backend::{anonymous}::VulkanBackend, std::allocator<void>, __gnu_cxx::_S_atomic>]’,
    inlined from ‘static _Tp* std::allocator_traits<std::allocator<_CharT> >::allocate(allocator_type&, size_type) [with _Tp = std::_Sp_counted_ptr_inplace<backend::{anonymous}::VulkanBackend, std::allocator<void>, __gnu_cxx::_S_atomic>]’ at /usr/include/c++/13/bits/alloc_traits.h:482:28,
    inlined from ‘std::__allocated_ptr<_Alloc> std::__allocate_guarded(_Alloc&) [with _Alloc = allocator<_Sp_counted_ptr_inplace<backend::{anonymous}::VulkanBackend, allocator<void>, __gnu_cxx::_S_atomic> >]’ at /usr/include/c++/13/bits/allocated_ptr.h:98:69,
    inlined from ‘std::__shared_count<_Lp>::__shared_count(_Tp*&, std::_Sp_alloc_shared_tag<_Alloc>, _Args&& ...) [with _Tp = backend::{anonymous}::VulkanBackend; _Alloc = std::allocator<void>; _Args = {int&, bool&}; __gnu_cxx::_Lock_policy _Lp = __gnu_cxx::_S_atomic]’ at /usr/include/c++/13/bits/shared_ptr_base.h:969:9:
/usr/include/c++/13/bits/new_allocator.h:151:55: note: returned from ‘void* operator new(std::size_t)’
  151 |         return static_cast<_Tp*>(_GLIBCXX_OPERATOR_NEW(__n * sizeof(_Tp)));
      |                                                       ^
In function ‘void operator delete(void*, std::size_t)’,
    inlined from ‘void std::__new_allocator<_Tp>::deallocate(_Tp*, size_type) [with _Tp = backend::Projection]’ at /usr/include/c++/13/bits/new_allocator.h:172:26,
    inlined from ‘static void std::allocator_traits<std::allocator<_CharT> >::deallocate(allocator_type&, pointer, size_type) [with _Tp = backend::Projection]’ at /usr/include/c++/13/bits/alloc_traits.h:517:23,
    inlined from ‘void std::_Vector_base<_Tp, _Alloc>::_M_deallocate(pointer, std::size_t) [with _Tp = backend::Projection; _Alloc = std::allocator<backend::Projection>]’ at /usr/include/c++/13/bits/stl_vector.h:390:19,
    inlined from ‘std::_Vector_base<_Tp, _Alloc>::~_Vector_base() [with _Tp = backend::Projection; _Alloc = std::allocator<backend::Projection>]’ at /usr/include/c++/13/bits/stl_vector.h:369:15,
    inlined from ‘std::vector<_Tp, _Alloc>::~vector() [with _Tp = backend::Projection; _Alloc = std::allocator<backend::Projection>]’ at /usr/include/c++/13/bits/stl_vector.h:738:7,
    inlined from ‘backend::{anonymous}::VulkanBackend::matmul_experts(std::initializer_list<backend::Projection>, backend::CSlice, size_t, size_t, const backend::Backend::Routing&, backend::RowRuns)::<lambda(size_t, size_t, bool)>’ at /mnt/c/Users/Marko/AppData/Local/Temp/llmx-vulkan-cache-cleanup-20260925/src/backends/vulkan/vulkan_backend.cpp:1739:9,
    inlined from ‘void backend::{anonymous}::VulkanBackend::expert_runs(uint32_t, size_t, backend::RowRuns, const Fn&) [with Fn = backend::{anonymous}::VulkanBackend::matmul_experts(std::initializer_list<backend::Projection>, backend::CSlice, size_t, size_t, const backend::Backend::Routing&, backend::RowRuns)::<lambda(size_t, size_t, bool)>]’ at /mnt/c/Users/Marko/AppData/Local/Temp/llmx-vulkan-cache-cleanup-20260925/src/backends/vulkan/vulkan_backend.cpp:1703:28,
    inlined from ‘virtual void backend::{anonymous}::VulkanBackend::matmul_experts(std::initializer_list<backend::Projection>, backend::CSlice, size_t, size_t, const backend::Backend::Routing&, backend::RowRuns)’ at /mnt/c/Users/Marko/AppData/Local/Temp/llmx-vulkan-cache-cleanup-20260925/src/backends/vulkan/vulkan_backend.cpp:1733:20:
/mnt/c/Users/Marko/AppData/Local/Temp/llmx-vulkan-cache-cleanup-20260925/tests/vulkan_buffer.cpp:19:64: warning: ‘void free(void*)’ called on pointer returned from a mismatched allocation function [-Wmismatched-new-delete]
   19 | void operator delete(void* p, std::size_t) noexcept { std::free(p); }
      |                                                       ~~~~~~~~~^~~
In member function ‘_Tp* std::__new_allocator<_Tp>::allocate(size_type, const void*) [with _Tp = backend::Projection]’,
    inlined from ‘static _Tp* std::allocator_traits<std::allocator<_CharT> >::allocate(allocator_type&, size_type) [with _Tp = backend::Projection]’ at /usr/include/c++/13/bits/alloc_traits.h:482:28,
    inlined from ‘std::_Vector_base<_Tp, _Alloc>::pointer std::_Vector_base<_Tp, _Alloc>::_M_allocate(std::size_t) [with _Tp = backend::Projection; _Alloc = std::allocator<backend::Projection>]’ at /usr/include/c++/13/bits/stl_vector.h:381:33,
    inlined from ‘void std::vector<_Tp, _Alloc>::_M_range_initialize(_ForwardIterator, _ForwardIterator, std::forward_iterator_tag) [with _ForwardIterator = const backend::Projection*; _Tp = backend::Projection; _Alloc = std::allocator<backend::Projection>]’ at /usr/include/c++/13/bits/stl_vector.h:1692:25,
    inlined from ‘std::vector<_Tp, _Alloc>::vector(std::initializer_list<_Tp>, const allocator_type&) [with _Tp = backend::Projection; _Alloc = std::allocator<backend::Projection>]’ at /usr/include/c++/13/bits/stl_vector.h:682:21,
    inlined from ‘backend::{anonymous}::VulkanBackend::matmul_experts(std::initializer_list<backend::Projection>, backend::CSlice, size_t, size_t, const backend::Backend::Routing&, backend::RowRuns)::<lambda(size_t, size_t, bool)>’ at /mnt/c/Users/Marko/AppData/Local/Temp/llmx-vulkan-cache-cleanup-20260925/src/backends/vulkan/vulkan_backend.cpp:1734:51,
    inlined from ‘void backend::{anonymous}::VulkanBackend::expert_runs(uint32_t, size_t, backend::RowRuns, const Fn&) [with Fn = backend::{anonymous}::VulkanBackend::matmul_experts(std::initializer_list<backend::Projection>, backend::CSlice, size_t, size_t, const backend::Backend::Routing&, backend::RowRuns)::<lambda(size_t, size_t, bool)>]’ at /mnt/c/Users/Marko/AppData/Local/Temp/llmx-vulkan-cache-cleanup-20260925/src/backends/vulkan/vulkan_backend.cpp:1703:28,
    inlined from ‘virtual void backend::{anonymous}::VulkanBackend::matmul_experts(std::initializer_list<backend::Projection>, backend::CSlice, size_t, size_t, const backend::Backend::Routing&, backend::RowRuns)’ at /mnt/c/Users/Marko/AppData/Local/Temp/llmx-vulkan-cache-cleanup-20260925/src/backends/vulkan/vulkan_backend.cpp:1733:20:
/usr/include/c++/13/bits/new_allocator.h:151:55: note: returned from ‘void* operator new(std::size_t)’
  151 |         return static_cast<_Tp*>(_GLIBCXX_OPERATOR_NEW(__n * sizeof(_Tp)));
      |                                                       ^
In function ‘void operator delete(void*, std::size_t)’,
    inlined from ‘void std::__new_allocator<_Tp>::deallocate(_Tp*, size_type) [with _Tp = backend::Projection]’ at /usr/include/c++/13/bits/new_allocator.h:172:26,
    inlined from ‘static void std::allocator_traits<std::allocator<_CharT> >::deallocate(allocator_type&, pointer, size_type) [with _Tp = backend::Projection]’ at /usr/include/c++/13/bits/alloc_traits.h:517:23,
    inlined from ‘void std::_Vector_base<_Tp, _Alloc>::_M_deallocate(pointer, std::size_t) [with _Tp = backend::Projection; _Alloc = std::allocator<backend::Projection>]’ at /usr/include/c++/13/bits/stl_vector.h:390:19,
    inlined from ‘std::_Vector_base<_Tp, _Alloc>::~_Vector_base() [with _Tp = backend::Projection; _Alloc = std::allocator<backend::Projection>]’ at /usr/include/c++/13/bits/stl_vector.h:369:15,
    inlined from ‘std::vector<_Tp, _Alloc>::~vector() [with _Tp = backend::Projection; _Alloc = std::allocator<backend::Projection>]’ at /usr/include/c++/13/bits/stl_vector.h:738:7,
    inlined from ‘backend::{anonymous}::VulkanBackend::matmul_experts(std::initializer_list<backend::Projection>, backend::CSlice, size_t, size_t, const backend::Backend::Routing&, backend::RowRuns)::<lambda(size_t, size_t, bool)>’ at /mnt/c/Users/Marko/AppData/Local/Temp/llmx-vulkan-cache-cleanup-20260925/src/backends/vulkan/vulkan_backend.cpp:1739:9,
    inlined from ‘void backend::{anonymous}::VulkanBackend::expert_runs(uint32_t, size_t, backend::RowRuns, const Fn&) [with Fn = backend::{anonymous}::VulkanBackend::matmul_experts(std::initializer_list<backend::Projection>, backend::CSlice, size_t, size_t, const backend::Backend::Routing&, backend::RowRuns)::<lambda(size_t, size_t, bool)>]’ at /mnt/c/Users/Marko/AppData/Local/Temp/llmx-vulkan-cache-cleanup-20260925/src/backends/vulkan/vulkan_backend.cpp:1712:34,
    inlined from ‘virtual void backend::{anonymous}::VulkanBackend::matmul_experts(std::initializer_list<backend::Projection>, backend::CSlice, size_t, size_t, const backend::Backend::Routing&, backend::RowRuns)’ at /mnt/c/Users/Marko/AppData/Local/Temp/llmx-vulkan-cache-cleanup-20260925/src/backends/vulkan/vulkan_backend.cpp:1733:20:
/mnt/c/Users/Marko/AppData/Local/Temp/llmx-vulkan-cache-cleanup-20260925/tests/vulkan_buffer.cpp:19:64: warning: ‘void free(void*)’ called on pointer returned from a mismatched allocation function [-Wmismatched-new-delete]
   19 | void operator delete(void* p, std::size_t) noexcept { std::free(p); }
      |                                                       ~~~~~~~~~^~~
In member function ‘_Tp* std::__new_allocator<_Tp>::allocate(size_type, const void*) [with _Tp = backend::Projection]’,
    inlined from ‘static _Tp* std::allocator_traits<std::allocator<_CharT> >::allocate(allocator_type&, size_type) [with _Tp = backend::Projection]’ at /usr/include/c++/13/bits/alloc_traits.h:482:28,
    inlined from ‘std::_Vector_base<_Tp, _Alloc>::pointer std::_Vector_base<_Tp, _Alloc>::_M_allocate(std::size_t) [with _Tp = backend::Projection; _Alloc = std::allocator<backend::Projection>]’ at /usr/include/c++/13/bits/stl_vector.h:381:33,
    inlined from ‘void std::vector<_Tp, _Alloc>::_M_range_initialize(_ForwardIterator, _ForwardIterator, std::forward_iterator_tag) [with _ForwardIterator = const backend::Projection*; _Tp = backend::Projection; _Alloc = std::allocator<backend::Projection>]’ at /usr/include/c++/13/bits/stl_vector.h:1692:25,
    inlined from ‘std::vector<_Tp, _Alloc>::vector(std::initializer_list<_Tp>, const allocator_type&) [with _Tp = backend::Projection; _Alloc = std::allocator<backend::Projection>]’ at /usr/include/c++/13/bits/stl_vector.h:682:21,
    inlined from ‘backend::{anonymous}::VulkanBackend::matmul_experts(std::initializer_list<backend::Projection>, backend::CSlice, size_t, size_t, const backend::Backend::Routing&, backend::RowRuns)::<lambda(size_t, size_t, bool)>’ at /mnt/c/Users/Marko/AppData/Local/Temp/llmx-vulkan-cache-cleanup-20260925/src/backends/vulkan/vulkan_backend.cpp:1734:51,
    inlined from ‘void backend::{anonymous}::VulkanBackend::expert_runs(uint32_t, size_t, backend::RowRuns, const Fn&) [with Fn = backend::{anonymous}::VulkanBackend::matmul_experts(std::initializer_list<backend::Projection>, backend::CSlice, size_t, size_t, const backend::Backend::Routing&, backend::RowRuns)::<lambda(size_t, size_t, bool)>]’ at /mnt/c/Users/Marko/AppData/Local/Temp/llmx-vulkan-cache-cleanup-20260925/src/backends/vulkan/vulkan_backend.cpp:1712:34,
    inlined from ‘virtual void backend::{anonymous}::VulkanBackend::matmul_experts(std::initializer_list<backend::Projection>, backend::CSlice, size_t, size_t, const backend::Backend::Routing&, backend::RowRuns)’ at /mnt/c/Users/Marko/AppData/Local/Temp/llmx-vulkan-cache-cleanup-20260925/src/backends/vulkan/vulkan_backend.cpp:1733:20:
/usr/include/c++/13/bits/new_allocator.h:151:55: note: returned from ‘void* operator new(std::size_t)’
  151 |         return static_cast<_Tp*>(_GLIBCXX_OPERATOR_NEW(__n * sizeof(_Tp)));
      |                                                       ^
In function ‘void operator delete(void*, std::size_t)’,
    inlined from ‘void std::__new_allocator<_Tp>::deallocate(_Tp*, size_type) [with _Tp = std::_Sp_counted_ptr_inplace<backend::{anonymous}::VulkanBackend, std::allocator<void>, __gnu_cxx::_S_atomic>]’ at /usr/include/c++/13/bits/new_allocator.h:172:26,
    inlined from ‘static void std::allocator_traits<std::allocator<_CharT> >::deallocate(allocator_type&, pointer, size_type) [with _Tp = std::_Sp_counted_ptr_inplace<backend::{anonymous}::VulkanBackend, std::allocator<void>, __gnu_cxx::_S_atomic>]’ at /usr/include/c++/13/bits/alloc_traits.h:517:23,
    inlined from ‘std::__allocated_ptr<_Alloc>::~__allocated_ptr() [with _Alloc = std::allocator<std::_Sp_counted_ptr_inplace<backend::{anonymous}::VulkanBackend, std::allocator<void>, __gnu_cxx::_S_atomic> >]’ at /usr/include/c++/13/bits/allocated_ptr.h:74:45,
    inlined from ‘std::__shared_count<_Lp>::__shared_count(_Tp*&, std::_Sp_alloc_shared_tag<_Alloc>, _Args&& ...) [with _Tp = backend::{anonymous}::VulkanBackend; _Alloc = std::allocator<void>; _Args = {int&, bool&}; __gnu_cxx::_Lock_policy _Lp = __gnu_cxx::_S_atomic]’ at /usr/include/c++/13/bits/shared_ptr_base.h:976:2,
    inlined from ‘std::__shared_ptr<_Tp, _Lp>::__shared_ptr(std::_Sp_alloc_shared_tag<_Tp>, _Args&& ...) [with _Alloc = std::allocator<void>; _Args = {int&, bool&}; _Tp = backend::{anonymous}::VulkanBackend; __gnu_cxx::_Lock_policy _Lp = __gnu_cxx::_S_atomic]’ at /usr/include/c++/13/bits/shared_ptr_base.h:1712:14,
    inlined from ‘std::shared_ptr<_Tp>::shared_ptr(std::_Sp_alloc_shared_tag<_Tp>, _Args&& ...) [with _Alloc = std::allocator<void>; _Args = {int&, bool&}; _Tp = backend::{anonymous}::VulkanBackend]’ at /usr/include/c++/13/bits/shared_ptr.h:464:59,
    inlined from ‘std::shared_ptr<typename std::enable_if<(! std::is_array< <template-parameter-1-1> >::value), _Tp>::type> std::make_shared(_Args&& ...) [with _Tp = backend::{anonymous}::VulkanBackend; _Args = {int&, bool&}]’ at /usr/include/c++/13/bits/shared_ptr.h:1010:39,
    inlined from ‘backend::BackendPtr backend::make_vulkan_backend(int, bool)’ at /mnt/c/Users/Marko/AppData/Local/Temp/llmx-vulkan-cache-cleanup-20260925/src/backends/vulkan/vulkan_backend.cpp:2502:43,
    inlined from ‘int {anonymous}::queue_checks()’ at /mnt/c/Users/Marko/AppData/Local/Temp/llmx-vulkan-cache-cleanup-20260925/tests/vulkan_buffer.cpp:293:51,
    inlined from ‘int main(int, char**)’ at /mnt/c/Users/Marko/AppData/Local/Temp/llmx-vulkan-cache-cleanup-20260925/tests/vulkan_buffer.cpp:417:46:
/mnt/c/Users/Marko/AppData/Local/Temp/llmx-vulkan-cache-cleanup-20260925/tests/vulkan_buffer.cpp:19:64: warning: ‘void free(void*)’ called on pointer returned from a mismatched allocation function [-Wmismatched-new-delete]
   19 | void operator delete(void* p, std::size_t) noexcept { std::free(p); }
      |                                                       ~~~~~~~~~^~~
In member function ‘_Tp* std::__new_allocator<_Tp>::allocate(size_type, const void*) [with _Tp = std::_Sp_counted_ptr_inplace<backend::{anonymous}::VulkanBackend, std::allocator<void>, __gnu_cxx::_S_atomic>]’,
    inlined from ‘static _Tp* std::allocator_traits<std::allocator<_CharT> >::allocate(allocator_type&, size_type) [with _Tp = std::_Sp_counted_ptr_inplace<backend::{anonymous}::VulkanBackend, std::allocator<void>, __gnu_cxx::_S_atomic>]’ at /usr/include/c++/13/bits/alloc_traits.h:482:28,
    inlined from ‘std::__allocated_ptr<_Alloc> std::__allocate_guarded(_Alloc&) [with _Alloc = allocator<_Sp_counted_ptr_inplace<backend::{anonymous}::VulkanBackend, allocator<void>, __gnu_cxx::_S_atomic> >]’ at /usr/include/c++/13/bits/allocated_ptr.h:98:69,
    inlined from ‘std::__shared_count<_Lp>::__shared_count(_Tp*&, std::_Sp_alloc_shared_tag<_Alloc>, _Args&& ...) [with _Tp = backend::{anonymous}::VulkanBackend; _Alloc = std::allocator<void>; _Args = {int&, bool&}; __gnu_cxx::_Lock_policy _Lp = __gnu_cxx::_S_atomic]’ at /usr/include/c++/13/bits/shared_ptr_base.h:969:9,
    inlined from ‘std::__shared_ptr<_Tp, _Lp>::__shared_ptr(std::_Sp_alloc_shared_tag<_Tp>, _Args&& ...) [with _Alloc = std::allocator<void>; _Args = {int&, bool&}; _Tp = backend::{anonymous}::VulkanBackend; __gnu_cxx::_Lock_policy _Lp = __gnu_cxx::_S_atomic]’ at /usr/include/c++/13/bits/shared_ptr_base.h:1712:14,
    inlined from ‘std::shared_ptr<_Tp>::shared_ptr(std::_Sp_alloc_shared_tag<_Tp>, _Args&& ...) [with _Alloc = std::allocator<void>; _Args = {int&, bool&}; _Tp = backend::{anonymous}::VulkanBackend]’ at /usr/include/c++/13/bits/shared_ptr.h:464:59,
    inlined from ‘std::shared_ptr<typename std::enable_if<(! std::is_array< <template-parameter-1-1> >::value), _Tp>::type> std::make_shared(_Args&& ...) [with _Tp = backend::{anonymous}::VulkanBackend; _Args = {int&, bool&}]’ at /usr/include/c++/13/bits/shared_ptr.h:1010:39,
    inlined from ‘backend::BackendPtr backend::make_vulkan_backend(int, bool)’ at /mnt/c/Users/Marko/AppData/Local/Temp/llmx-vulkan-cache-cleanup-20260925/src/backends/vulkan/vulkan_backend.cpp:2502:43,
    inlined from ‘int {anonymous}::queue_checks()’ at /mnt/c/Users/Marko/AppData/Local/Temp/llmx-vulkan-cache-cleanup-20260925/tests/vulkan_buffer.cpp:293:51,
    inlined from ‘int main(int, char**)’ at /mnt/c/Users/Marko/AppData/Local/Temp/llmx-vulkan-cache-cleanup-20260925/tests/vulkan_buffer.cpp:417:46:
/usr/include/c++/13/bits/new_allocator.h:151:55: note: returned from ‘void* operator new(std::size_t)’
  151 |         return static_cast<_Tp*>(_GLIBCXX_OPERATOR_NEW(__n * sizeof(_Tp)));
      |                                                       ^
In function ‘void operator delete(void*, std::size_t)’,
    inlined from ‘std::__detail::__unique_ptr_t<_Tp> std::make_unique(_Args&& ...) [with _Tp = backend::{anonymous}::VulkanKVStorage; _Args = {backend::{anonymous}::VulkanBackend&, long unsigned int&, long unsigned int&, long unsigned int&, long unsigned int, backend::KVType&, backend::KVType&}]’ at /usr/include/c++/13/bits/unique_ptr.h:1070:30,
    inlined from ‘virtual std::unique_ptr<backend::KVStorage> backend::{anonymous}::VulkanBackend::kv_alloc(size_t, size_t, size_t, size_t, backend::KVType, backend::KVType)’ at /mnt/c/Users/Marko/AppData/Local/Temp/llmx-vulkan-cache-cleanup-20260925/src/backends/vulkan/vulkan_backend.cpp:1947:49,
    inlined from ‘int {anonymous}::queue_checks()’ at /mnt/c/Users/Marko/AppData/Local/Temp/llmx-vulkan-cache-cleanup-20260925/tests/vulkan_buffer.cpp:298:90,
    inlined from ‘int main(int, char**)’ at /mnt/c/Users/Marko/AppData/Local/Temp/llmx-vulkan-cache-cleanup-20260925/tests/vulkan_buffer.cpp:417:46:
/mnt/c/Users/Marko/AppData/Local/Temp/llmx-vulkan-cache-cleanup-20260925/tests/vulkan_buffer.cpp:19:64: warning: ‘void free(void*)’ called on pointer returned from a mismatched allocation function [-Wmismatched-new-delete]
   19 | void operator delete(void* p, std::size_t) noexcept { std::free(p); }
      |                                                       ~~~~~~~~~^~~
In function ‘std::__detail::__unique_ptr_t<_Tp> std::make_unique(_Args&& ...) [with _Tp = backend::{anonymous}::VulkanKVStorage; _Args = {backend::{anonymous}::VulkanBackend&, long unsigned int&, long unsigned int&, long unsigned int&, long unsigned int, backend::KVType&, backend::KVType&}]’,
    inlined from ‘virtual std::unique_ptr<backend::KVStorage> backend::{anonymous}::VulkanBackend::kv_alloc(size_t, size_t, size_t, size_t, backend::KVType, backend::KVType)’ at /mnt/c/Users/Marko/AppData/Local/Temp/llmx-vulkan-cache-cleanup-20260925/src/backends/vulkan/vulkan_backend.cpp:1947:49,
    inlined from ‘int {anonymous}::queue_checks()’ at /mnt/c/Users/Marko/AppData/Local/Temp/llmx-vulkan-cache-cleanup-20260925/tests/vulkan_buffer.cpp:298:90,
    inlined from ‘int main(int, char**)’ at /mnt/c/Users/Marko/AppData/Local/Temp/llmx-vulkan-cache-cleanup-20260925/tests/vulkan_buffer.cpp:417:46:
/usr/include/c++/13/bits/unique_ptr.h:1070:30: note: returned from ‘void* operator new(std::size_t)’
 1070 |     { return unique_ptr<_Tp>(new _Tp(std::forward<_Args>(__args)...)); }
      |                              ^~~~~~~~~~~~~~~~~~~~~~~~~~~~~~~~~~~~~~~
In function ‘void operator delete(void*, std::size_t)’,
    inlined from ‘void std::__new_allocator<_Tp>::deallocate(_Tp*, size_type) [with _Tp = std::_Sp_counted_ptr_inplace<backend::{anonymous}::VulkanBuffer, std::allocator<void>, __gnu_cxx::_S_atomic>]’ at /usr/include/c++/13/bits/new_allocator.h:172:26,
    inlined from ‘static void std::allocator_traits<std::allocator<_CharT> >::deallocate(allocator_type&, pointer, size_type) [with _Tp = std::_Sp_counted_ptr_inplace<backend::{anonymous}::VulkanBuffer, std::allocator<void>, __gnu_cxx::_S_atomic>]’ at /usr/include/c++/13/bits/alloc_traits.h:517:23,
    inlined from ‘std::__allocated_ptr<_Alloc>::~__allocated_ptr() [with _Alloc = std::allocator<std::_Sp_counted_ptr_inplace<backend::{anonymous}::VulkanBuffer, std::allocator<void>, __gnu_cxx::_S_atomic> >]’ at /usr/include/c++/13/bits/allocated_ptr.h:74:45,
    inlined from ‘std::__shared_count<_Lp>::__shared_count(_Tp*&, std::_Sp_alloc_shared_tag<_Alloc>, _Args&& ...) [with _Tp = backend::{anonymous}::VulkanBuffer; _Alloc = std::allocator<void>; _Args = {std::shared_ptr<backend::{anonymous}::Device>&, long unsigned int&, bool}; __gnu_cxx::_Lock_policy _Lp = __gnu_cxx::_S_atomic]’ at /usr/include/c++/13/bits/shared_ptr_base.h:976:2,
    inlined from ‘std::__shared_ptr<_Tp, _Lp>::__shared_ptr(std::_Sp_alloc_shared_tag<_Tp>, _Args&& ...) [with _Alloc = std::allocator<void>; _Args = {std::shared_ptr<backend::{anonymous}::Device>&, long unsigned int&, bool}; _Tp = backend::{anonymous}::VulkanBuffer; __gnu_cxx::_Lock_policy _Lp = __gnu_cxx::_S_atomic]’ at /usr/include/c++/13/bits/shared_ptr_base.h:1712:14,
    inlined from ‘std::shared_ptr<_Tp>::shared_ptr(std::_Sp_alloc_shared_tag<_Tp>, _Args&& ...) [with _Alloc = std::allocator<void>; _Args = {std::shared_ptr<backend::{anonymous}::Device>&, long unsigned int&, bool}; _Tp = backend::{anonymous}::VulkanBuffer]’ at /usr/include/c++/13/bits/shared_ptr.h:464:59,
    inlined from ‘std::shared_ptr<typename std::enable_if<(! std::is_array< <template-parameter-1-1> >::value), _Tp>::type> std::make_shared(_Args&& ...) [with _Tp = backend::{anonymous}::VulkanBuffer; _Args = {shared_ptr<backend::{anonymous}::Device>&, long unsigned int&, bool}]’ at /usr/include/c++/13/bits/shared_ptr.h:1010:39,
    inlined from ‘virtual backend::BufferPtr backend::{anonymous}::VulkanBackend::alloc(size_t, backend::Memory)’ at /mnt/c/Users/Marko/AppData/Local/Temp/llmx-vulkan-cache-cleanup-20260925/src/backends/vulkan/vulkan_backend.cpp:1049:91,
    inlined from ‘int {anonymous}::queue_checks()’ at /mnt/c/Users/Marko/AppData/Local/Temp/llmx-vulkan-cache-cleanup-20260925/tests/vulkan_buffer.cpp:312:84,
    inlined from ‘int main(int, char**)’ at /mnt/c/Users/Marko/AppData/Local/Temp/llmx-vulkan-cache-cleanup-20260925/tests/vulkan_buffer.cpp:417:46:
/mnt/c/Users/Marko/AppData/Local/Temp/llmx-vulkan-cache-cleanup-20260925/tests/vulkan_buffer.cpp:19:64: warning: ‘void free(void*)’ called on pointer returned from a mismatched allocation function [-Wmismatched-new-delete]
   19 | void operator delete(void* p, std::size_t) noexcept { std::free(p); }
      |                                                       ~~~~~~~~~^~~
In member function ‘_Tp* std::__new_allocator<_Tp>::allocate(size_type, const void*) [with _Tp = std::_Sp_counted_ptr_inplace<backend::{anonymous}::VulkanBuffer, std::allocator<void>, __gnu_cxx::_S_atomic>]’,
    inlined from ‘static _Tp* std::allocator_traits<std::allocator<_CharT> >::allocate(allocator_type&, size_type) [with _Tp = std::_Sp_counted_ptr_inplace<backend::{anonymous}::VulkanBuffer, std::allocator<void>, __gnu_cxx::_S_atomic>]’ at /usr/include/c++/13/bits/alloc_traits.h:482:28,
    inlined from ‘std::__allocated_ptr<_Alloc> std::__allocate_guarded(_Alloc&) [with _Alloc = allocator<_Sp_counted_ptr_inplace<backend::{anonymous}::VulkanBuffer, allocator<void>, __gnu_cxx::_S_atomic> >]’ at /usr/include/c++/13/bits/allocated_ptr.h:98:69,
    inlined from ‘std::__shared_count<_Lp>::__shared_count(_Tp*&, std::_Sp_alloc_shared_tag<_Alloc>, _Args&& ...) [with _Tp = backend::{anonymous}::VulkanBuffer; _Alloc = std::allocator<void>; _Args = {std::shared_ptr<backend::{anonymous}::Device>&, long unsigned int&, bool}; __gnu_cxx::_Lock_policy _Lp = __gnu_cxx::_S_atomic]’ at /usr/include/c++/13/bits/shared_ptr_base.h:969:9,
    inlined from ‘std::__shared_ptr<_Tp, _Lp>::__shared_ptr(std::_Sp_alloc_shared_tag<_Tp>, _Args&& ...) [with _Alloc = std::allocator<void>; _Args = {std::shared_ptr<backend::{anonymous}::Device>&, long unsigned int&, bool}; _Tp = backend::{anonymous}::VulkanBuffer; __gnu_cxx::_Lock_policy _Lp = __gnu_cxx::_S_atomic]’ at /usr/include/c++/13/bits/shared_ptr_base.h:1712:14,
    inlined from ‘std::shared_ptr<_Tp>::shared_ptr(std::_Sp_alloc_shared_tag<_Tp>, _Args&& ...) [with _Alloc = std::allocator<void>; _Args = {std::shared_ptr<backend::{anonymous}::Device>&, long unsigned int&, bool}; _Tp = backend::{anonymous}::VulkanBuffer]’ at /usr/include/c++/13/bits/shared_ptr.h:464:59,
    inlined from ‘std::shared_ptr<typename std::enable_if<(! std::is_array< <template-parameter-1-1> >::value), _Tp>::type> std::make_shared(_Args&& ...) [with _Tp = backend::{anonymous}::VulkanBuffer; _Args = {shared_ptr<backend::{anonymous}::Device>&, long unsigned int&, bool}]’ at /usr/include/c++/13/bits/shared_ptr.h:1010:39,
    inlined from ‘virtual backend::BufferPtr backend::{anonymous}::VulkanBackend::alloc(size_t, backend::Memory)’ at /mnt/c/Users/Marko/AppData/Local/Temp/llmx-vulkan-cache-cleanup-20260925/src/backends/vulkan/vulkan_backend.cpp:1049:91,
    inlined from ‘int {anonymous}::queue_checks()’ at /mnt/c/Users/Marko/AppData/Local/Temp/llmx-vulkan-cache-cleanup-20260925/tests/vulkan_buffer.cpp:312:84,
    inlined from ‘int main(int, char**)’ at /mnt/c/Users/Marko/AppData/Local/Temp/llmx-vulkan-cache-cleanup-20260925/tests/vulkan_buffer.cpp:417:46:
/usr/include/c++/13/bits/new_allocator.h:151:55: note: returned from ‘void* operator new(std::size_t)’
  151 |         return static_cast<_Tp*>(_GLIBCXX_OPERATOR_NEW(__n * sizeof(_Tp)));
      |                                                       ^
In function ‘void operator delete(void*, std::size_t)’,
    inlined from ‘void std::__new_allocator<_Tp>::deallocate(_Tp*, size_type) [with _Tp = VkBufferCopy]’ at /usr/include/c++/13/bits/new_allocator.h:172:26,
    inlined from ‘static void std::allocator_traits<std::allocator<_CharT> >::deallocate(allocator_type&, pointer, size_type) [with _Tp = VkBufferCopy]’ at /usr/include/c++/13/bits/alloc_traits.h:517:23,
    inlined from ‘void std::_Vector_base<_Tp, _Alloc>::_M_deallocate(pointer, std::size_t) [with _Tp = VkBufferCopy; _Alloc = std::allocator<VkBufferCopy>]’ at /usr/include/c++/13/bits/stl_vector.h:390:19,
    inlined from ‘std::_Vector_base<_Tp, _Alloc>::~_Vector_base() [with _Tp = VkBufferCopy; _Alloc = std::allocator<VkBufferCopy>]’ at /usr/include/c++/13/bits/stl_vector.h:369:15,
    inlined from ‘std::vector<_Tp, _Alloc>::~vector() [with _Tp = VkBufferCopy; _Alloc = std::allocator<VkBufferCopy>]’ at /usr/include/c++/13/bits/stl_vector.h:738:7,
    inlined from ‘VkDescriptorBufferInfo backend::{anonymous}::VulkanBackend::padded_f32(backend::CSlice, size_t, size_t)’ at /mnt/c/Users/Marko/AppData/Local/Temp/llmx-vulkan-cache-cleanup-20260925/src/backends/vulkan/vulkan_backend.cpp:1898:9,
    inlined from ‘static VkDescriptorBufferInfo backend::{anonymous}::VulkanLifetimeTest::padded(backend::{anonymous}::VulkanBackend&, backend::CSlice, size_t)’ at /mnt/c/Users/Marko/AppData/Local/Temp/llmx-vulkan-cache-cleanup-20260925/tests/vulkan_buffer.cpp:26:28,
    inlined from ‘int {anonymous}::queue_checks()’ at /mnt/c/Users/Marko/AppData/Local/Temp/llmx-vulkan-cache-cleanup-20260925/tests/vulkan_buffer.cpp:320:54,
    inlined from ‘int main(int, char**)’ at /mnt/c/Users/Marko/AppData/Local/Temp/llmx-vulkan-cache-cleanup-20260925/tests/vulkan_buffer.cpp:417:46:
/mnt/c/Users/Marko/AppData/Local/Temp/llmx-vulkan-cache-cleanup-20260925/tests/vulkan_buffer.cpp:19:64: warning: ‘void free(void*)’ called on pointer returned from a mismatched allocation function [-Wmismatched-new-delete]
   19 | void operator delete(void* p, std::size_t) noexcept { std::free(p); }
      |                                                       ~~~~~~~~~^~~
In member function ‘_Tp* std::__new_allocator<_Tp>::allocate(size_type, const void*) [with _Tp = VkBufferCopy]’,
    inlined from ‘static _Tp* std::allocator_traits<std::allocator<_CharT> >::allocate(allocator_type&, size_type) [with _Tp = VkBufferCopy]’ at /usr/include/c++/13/bits/alloc_traits.h:482:28,
    inlined from ‘std::_Vector_base<_Tp, _Alloc>::pointer std::_Vector_base<_Tp, _Alloc>::_M_allocate(std::size_t) [with _Tp = VkBufferCopy; _Alloc = std::allocator<VkBufferCopy>]’ at /usr/include/c++/13/bits/stl_vector.h:381:33,
    inlined from ‘void std::_Vector_base<_Tp, _Alloc>::_M_create_storage(std::size_t) [with _Tp = VkBufferCopy; _Alloc = std::allocator<VkBufferCopy>]’ at /usr/include/c++/13/bits/stl_vector.h:398:44,
    inlined from ‘std::_Vector_base<_Tp, _Alloc>::_Vector_base(std::size_t, const allocator_type&) [with _Tp = VkBufferCopy; _Alloc = std::allocator<VkBufferCopy>]’ at /usr/include/c++/13/bits/stl_vector.h:335:26,
    inlined from ‘std::vector<_Tp, _Alloc>::vector(size_type, const allocator_type&) [with _Tp = VkBufferCopy; _Alloc = std::allocator<VkBufferCopy>]’ at /usr/include/c++/13/bits/stl_vector.h:557:47,
    inlined from ‘VkDescriptorBufferInfo backend::{anonymous}::VulkanBackend::padded_f32(backend::CSlice, size_t, size_t)’ at /mnt/c/Users/Marko/AppData/Local/Temp/llmx-vulkan-cache-cleanup-20260925/src/backends/vulkan/vulkan_backend.cpp:1888:51,
    inlined from ‘static VkDescriptorBufferInfo backend::{anonymous}::VulkanLifetimeTest::padded(backend::{anonymous}::VulkanBackend&, backend::CSlice, size_t)’ at /mnt/c/Users/Marko/AppData/Local/Temp/llmx-vulkan-cache-cleanup-20260925/tests/vulkan_buffer.cpp:26:28,
    inlined from ‘int {anonymous}::queue_checks()’ at /mnt/c/Users/Marko/AppData/Local/Temp/llmx-vulkan-cache-cleanup-20260925/tests/vulkan_buffer.cpp:320:54,
    inlined from ‘int main(int, char**)’ at /mnt/c/Users/Marko/AppData/Local/Temp/llmx-vulkan-cache-cleanup-20260925/tests/vulkan_buffer.cpp:417:46:
/usr/include/c++/13/bits/new_allocator.h:151:55: note: returned from ‘void* operator new(std::size_t)’
  151 |         return static_cast<_Tp*>(_GLIBCXX_OPERATOR_NEW(__n * sizeof(_Tp)));
      |                                                       ^
In function ‘void operator delete(void*, std::size_t)’,
    inlined from ‘void std::__new_allocator<_Tp>::deallocate(_Tp*, size_type) [with _Tp = unsigned char]’ at /usr/include/c++/13/bits/new_allocator.h:172:26,
    inlined from ‘static void std::allocator_traits<std::allocator<_CharT> >::deallocate(allocator_type&, pointer, size_type) [with _Tp = unsigned char]’ at /usr/include/c++/13/bits/alloc_traits.h:517:23,
    inlined from ‘void std::_Vector_base<_Tp, _Alloc>::_M_deallocate(pointer, std::size_t) [with _Tp = unsigned char; _Alloc = std::allocator<unsigned char>]’ at /usr/include/c++/13/bits/stl_vector.h:390:19,
    inlined from ‘std::_Vector_base<_Tp, _Alloc>::~_Vector_base() [with _Tp = unsigned char; _Alloc = std::allocator<unsigned char>]’ at /usr/include/c++/13/bits/stl_vector.h:369:15,
    inlined from ‘std::vector<_Tp, _Alloc>::~vector() [with _Tp = unsigned char; _Alloc = std::allocator<unsigned char>]’ at /usr/include/c++/13/bits/stl_vector.h:738:7,
    inlined from ‘int {anonymous}::queue_checks()’ at /mnt/c/Users/Marko/AppData/Local/Temp/llmx-vulkan-cache-cleanup-20260925/tests/vulkan_buffer.cpp:342:9,
    inlined from ‘int main(int, char**)’ at /mnt/c/Users/Marko/AppData/Local/Temp/llmx-vulkan-cache-cleanup-20260925/tests/vulkan_buffer.cpp:417:46:
/mnt/c/Users/Marko/AppData/Local/Temp/llmx-vulkan-cache-cleanup-20260925/tests/vulkan_buffer.cpp:19:64: warning: ‘void free(void*)’ called on pointer returned from a mismatched allocation function [-Wmismatched-new-delete]
   19 | void operator delete(void* p, std::size_t) noexcept { std::free(p); }
      |                                                       ~~~~~~~~~^~~
In member function ‘_Tp* std::__new_allocator<_Tp>::allocate(size_type, const void*) [with _Tp = unsigned char]’,
    inlined from ‘static _Tp* std::allocator_traits<std::allocator<_CharT> >::allocate(allocator_type&, size_type) [with _Tp = unsigned char]’ at /usr/include/c++/13/bits/alloc_traits.h:482:28,
    inlined from ‘std::_Vector_base<_Tp, _Alloc>::pointer std::_Vector_base<_Tp, _Alloc>::_M_allocate(std::size_t) [with _Tp = unsigned char; _Alloc = std::allocator<unsigned char>]’ at /usr/include/c++/13/bits/stl_vector.h:381:33,
    inlined from ‘void std::_Vector_base<_Tp, _Alloc>::_M_create_storage(std::size_t) [with _Tp = unsigned char; _Alloc = std::allocator<unsigned char>]’ at /usr/include/c++/13/bits/stl_vector.h:398:44,
    inlined from ‘std::_Vector_base<_Tp, _Alloc>::_Vector_base(std::size_t, const allocator_type&) [with _Tp = unsigned char; _Alloc = std::allocator<unsigned char>]’ at /usr/include/c++/13/bits/stl_vector.h:335:26,
    inlined from ‘std::vector<_Tp, _Alloc>::vector(size_type, const value_type&, const allocator_type&) [with _Tp = unsigned char; _Alloc = std::allocator<unsigned char>]’ at /usr/include/c++/13/bits/stl_vector.h:571:47,
    inlined from ‘int {anonymous}::queue_checks()’ at /mnt/c/Users/Marko/AppData/Local/Temp/llmx-vulkan-cache-cleanup-20260925/tests/vulkan_buffer.cpp:326:58,
    inlined from ‘int main(int, char**)’ at /mnt/c/Users/Marko/AppData/Local/Temp/llmx-vulkan-cache-cleanup-20260925/tests/vulkan_buffer.cpp:417:46:
/usr/include/c++/13/bits/new_allocator.h:151:55: note: returned from ‘void* operator new(std::size_t)’
  151 |         return static_cast<_Tp*>(_GLIBCXX_OPERATOR_NEW(__n * sizeof(_Tp)));
      |                                                       ^
In function ‘void operator delete(void*, std::size_t)’,
    inlined from ‘void std::__new_allocator<_Tp>::deallocate(_Tp*, size_type) [with _Tp = unsigned char]’ at /usr/include/c++/13/bits/new_allocator.h:172:26,
    inlined from ‘static void std::allocator_traits<std::allocator<_CharT> >::deallocate(allocator_type&, pointer, size_type) [with _Tp = unsigned char]’ at /usr/include/c++/13/bits/alloc_traits.h:517:23,
    inlined from ‘void std::_Vector_base<_Tp, _Alloc>::_M_deallocate(pointer, std::size_t) [with _Tp = unsigned char; _Alloc = std::allocator<unsigned char>]’ at /usr/include/c++/13/bits/stl_vector.h:390:19,
    inlined from ‘std::_Vector_base<_Tp, _Alloc>::~_Vector_base() [with _Tp = unsigned char; _Alloc = std::allocator<unsigned char>]’ at /usr/include/c++/13/bits/stl_vector.h:369:15,
    inlined from ‘std::vector<_Tp, _Alloc>::~vector() [with _Tp = unsigned char; _Alloc = std::allocator<unsigned char>]’ at /usr/include/c++/13/bits/stl_vector.h:738:7,
    inlined from ‘int {anonymous}::queue_checks()’ at /mnt/c/Users/Marko/AppData/Local/Temp/llmx-vulkan-cache-cleanup-20260925/tests/vulkan_buffer.cpp:342:9,
    inlined from ‘int main(int, char**)’ at /mnt/c/Users/Marko/AppData/Local/Temp/llmx-vulkan-cache-cleanup-20260925/tests/vulkan_buffer.cpp:417:46:
/mnt/c/Users/Marko/AppData/Local/Temp/llmx-vulkan-cache-cleanup-20260925/tests/vulkan_buffer.cpp:19:64: warning: ‘void free(void*)’ called on pointer returned from a mismatched allocation function [-Wmismatched-new-delete]
   19 | void operator delete(void* p, std::size_t) noexcept { std::free(p); }
      |                                                       ~~~~~~~~~^~~
In member function ‘_Tp* std::__new_allocator<_Tp>::allocate(size_type, const void*) [with _Tp = unsigned char]’,
    inlined from ‘static _Tp* std::allocator_traits<std::allocator<_CharT> >::allocate(allocator_type&, size_type) [with _Tp = unsigned char]’ at /usr/include/c++/13/bits/alloc_traits.h:482:28,
    inlined from ‘std::_Vector_base<_Tp, _Alloc>::pointer std::_Vector_base<_Tp, _Alloc>::_M_allocate(std::size_t) [with _Tp = unsigned char; _Alloc = std::allocator<unsigned char>]’ at /usr/include/c++/13/bits/stl_vector.h:381:33,
    inlined from ‘void std::_Vector_base<_Tp, _Alloc>::_M_create_storage(std::size_t) [with _Tp = unsigned char; _Alloc = std::allocator<unsigned char>]’ at /usr/include/c++/13/bits/stl_vector.h:398:44,
    inlined from ‘std::_Vector_base<_Tp, _Alloc>::_Vector_base(std::size_t, const allocator_type&) [with _Tp = unsigned char; _Alloc = std::allocator<unsigned char>]’ at /usr/include/c++/13/bits/stl_vector.h:335:26,
    inlined from ‘std::vector<_Tp, _Alloc>::vector(size_type, const value_type&, const allocator_type&) [with _Tp = unsigned char; _Alloc = std::allocator<unsigned char>]’ at /usr/include/c++/13/bits/stl_vector.h:571:47,
    inlined from ‘int {anonymous}::queue_checks()’ at /mnt/c/Users/Marko/AppData/Local/Temp/llmx-vulkan-cache-cleanup-20260925/tests/vulkan_buffer.cpp:326:58,
    inlined from ‘int main(int, char**)’ at /mnt/c/Users/Marko/AppData/Local/Temp/llmx-vulkan-cache-cleanup-20260925/tests/vulkan_buffer.cpp:417:46:
/usr/include/c++/13/bits/new_allocator.h:151:55: note: returned from ‘void* operator new(std::size_t)’
  151 |         return static_cast<_Tp*>(_GLIBCXX_OPERATOR_NEW(__n * sizeof(_Tp)));
      |                                                       ^
In function ‘void operator delete(void*, std::size_t)’,
    inlined from ‘void std::__new_allocator<_Tp>::deallocate(_Tp*, size_type) [with _Tp = std::_Sp_counted_ptr_inplace<backend::{anonymous}::VulkanBackend, std::allocator<void>, __gnu_cxx::_S_atomic>]’ at /usr/include/c++/13/bits/new_allocator.h:172:26,
    inlined from ‘static void std::allocator_traits<std::allocator<_CharT> >::deallocate(allocator_type&, pointer, size_type) [with _Tp = std::_Sp_counted_ptr_inplace<backend::{anonymous}::VulkanBackend, std::allocator<void>, __gnu_cxx::_S_atomic>]’ at /usr/include/c++/13/bits/alloc_traits.h:517:23,
    inlined from ‘std::__allocated_ptr<_Alloc>::~__allocated_ptr() [with _Alloc = std::allocator<std::_Sp_counted_ptr_inplace<backend::{anonymous}::VulkanBackend, std::allocator<void>, __gnu_cxx::_S_atomic> >]’ at /usr/include/c++/13/bits/allocated_ptr.h:74:45,
    inlined from ‘std::__shared_count<_Lp>::__shared_count(_Tp*&, std::_Sp_alloc_shared_tag<_Alloc>, _Args&& ...) [with _Tp = backend::{anonymous}::VulkanBackend; _Alloc = std::allocator<void>; _Args = {int&, bool&}; __gnu_cxx::_Lock_policy _Lp = __gnu_cxx::_S_atomic]’ at /usr/include/c++/13/bits/shared_ptr_base.h:976:2,
    inlined from ‘std::__shared_ptr<_Tp, _Lp>::__shared_ptr(std::_Sp_alloc_shared_tag<_Tp>, _Args&& ...) [with _Alloc = std::allocator<void>; _Args = {int&, bool&}; _Tp = backend::{anonymous}::VulkanBackend; __gnu_cxx::_Lock_policy _Lp = __gnu_cxx::_S_atomic]’ at /usr/include/c++/13/bits/shared_ptr_base.h:1712:14,
    inlined from ‘std::shared_ptr<_Tp>::shared_ptr(std::_Sp_alloc_shared_tag<_Tp>, _Args&& ...) [with _Alloc = std::allocator<void>; _Args = {int&, bool&}; _Tp = backend::{anonymous}::VulkanBackend]’ at /usr/include/c++/13/bits/shared_ptr.h:464:59,
    inlined from ‘std::shared_ptr<typename std::enable_if<(! std::is_array< <template-parameter-1-1> >::value), _Tp>::type> std::make_shared(_Args&& ...) [with _Tp = backend::{anonymous}::VulkanBackend; _Args = {int&, bool&}]’ at /usr/include/c++/13/bits/shared_ptr.h:1010:39,
    inlined from ‘backend::BackendPtr backend::make_vulkan_backend(int, bool)’ at /mnt/c/Users/Marko/AppData/Local/Temp/llmx-vulkan-cache-cleanup-20260925/src/backends/vulkan/vulkan_backend.cpp:2502:43,
    inlined from ‘int {anonymous}::kernel_checks()’ at /mnt/c/Users/Marko/AppData/Local/Temp/llmx-vulkan-cache-cleanup-20260925/tests/vulkan_buffer.cpp:163:51,
    inlined from ‘int main(int, char**)’ at /mnt/c/Users/Marko/AppData/Local/Temp/llmx-vulkan-cache-cleanup-20260925/tests/vulkan_buffer.cpp:417:64:
/mnt/c/Users/Marko/AppData/Local/Temp/llmx-vulkan-cache-cleanup-20260925/tests/vulkan_buffer.cpp:19:64: warning: ‘void free(void*)’ called on pointer returned from a mismatched allocation function [-Wmismatched-new-delete]
   19 | void operator delete(void* p, std::size_t) noexcept { std::free(p); }
      |                                                       ~~~~~~~~~^~~
In member function ‘_Tp* std::__new_allocator<_Tp>::allocate(size_type, const void*) [with _Tp = std::_Sp_counted_ptr_inplace<backend::{anonymous}::VulkanBackend, std::allocator<void>, __gnu_cxx::_S_atomic>]’,
    inlined from ‘static _Tp* std::allocator_traits<std::allocator<_CharT> >::allocate(allocator_type&, size_type) [with _Tp = std::_Sp_counted_ptr_inplace<backend::{anonymous}::VulkanBackend, std::allocator<void>, __gnu_cxx::_S_atomic>]’ at /usr/include/c++/13/bits/alloc_traits.h:482:28,
    inlined from ‘std::__allocated_ptr<_Alloc> std::__allocate_guarded(_Alloc&) [with _Alloc = allocator<_Sp_counted_ptr_inplace<backend::{anonymous}::VulkanBackend, allocator<void>, __gnu_cxx::_S_atomic> >]’ at /usr/include/c++/13/bits/allocated_ptr.h:98:69,
    inlined from ‘std::__shared_count<_Lp>::__shared_count(_Tp*&, std::_Sp_alloc_shared_tag<_Alloc>, _Args&& ...) [with _Tp = backend::{anonymous}::VulkanBackend; _Alloc = std::allocator<void>; _Args = {int&, bool&}; __gnu_cxx::_Lock_policy _Lp = __gnu_cxx::_S_atomic]’ at /usr/include/c++/13/bits/shared_ptr_base.h:969:9,
    inlined from ‘std::__shared_ptr<_Tp, _Lp>::__shared_ptr(std::_Sp_alloc_shared_tag<_Tp>, _Args&& ...) [with _Alloc = std::allocator<void>; _Args = {int&, bool&}; _Tp = backend::{anonymous}::VulkanBackend; __gnu_cxx::_Lock_policy _Lp = __gnu_cxx::_S_atomic]’ at /usr/include/c++/13/bits/shared_ptr_base.h:1712:14,
    inlined from ‘std::shared_ptr<_Tp>::shared_ptr(std::_Sp_alloc_shared_tag<_Tp>, _Args&& ...) [with _Alloc = std::allocator<void>; _Args = {int&, bool&}; _Tp = backend::{anonymous}::VulkanBackend]’ at /usr/include/c++/13/bits/shared_ptr.h:464:59,
    inlined from ‘std::shared_ptr<typename std::enable_if<(! std::is_array< <template-parameter-1-1> >::value), _Tp>::type> std::make_shared(_Args&& ...) [with _Tp = backend::{anonymous}::VulkanBackend; _Args = {int&, bool&}]’ at /usr/include/c++/13/bits/shared_ptr.h:1010:39,
    inlined from ‘backend::BackendPtr backend::make_vulkan_backend(int, bool)’ at /mnt/c/Users/Marko/AppData/Local/Temp/llmx-vulkan-cache-cleanup-20260925/src/backends/vulkan/vulkan_backend.cpp:2502:43,
    inlined from ‘int {anonymous}::kernel_checks()’ at /mnt/c/Users/Marko/AppData/Local/Temp/llmx-vulkan-cache-cleanup-20260925/tests/vulkan_buffer.cpp:163:51,
    inlined from ‘int main(int, char**)’ at /mnt/c/Users/Marko/AppData/Local/Temp/llmx-vulkan-cache-cleanup-20260925/tests/vulkan_buffer.cpp:417:64:
/usr/include/c++/13/bits/new_allocator.h:151:55: note: returned from ‘void* operator new(std::size_t)’
  151 |         return static_cast<_Tp*>(_GLIBCXX_OPERATOR_NEW(__n * sizeof(_Tp)));
      |                                                       ^
In function ‘void operator delete(void*, std::size_t)’,
    inlined from ‘void std::__new_allocator<_Tp>::deallocate(_Tp*, size_type) [with _Tp = std::_Sp_counted_ptr_inplace<backend::{anonymous}::Device, std::allocator<void>, __gnu_cxx::_S_atomic>]’ at /usr/include/c++/13/bits/new_allocator.h:172:26,
    inlined from ‘static void std::allocator_traits<std::allocator<_CharT> >::deallocate(allocator_type&, pointer, size_type) [with _Tp = std::_Sp_counted_ptr_inplace<backend::{anonymous}::Device, std::allocator<void>, __gnu_cxx::_S_atomic>]’ at /usr/include/c++/13/bits/alloc_traits.h:517:23,
    inlined from ‘std::__allocated_ptr<_Alloc>::~__allocated_ptr() [with _Alloc = std::allocator<std::_Sp_counted_ptr_inplace<backend::{anonymous}::Device, std::allocator<void>, __gnu_cxx::_S_atomic> >]’ at /usr/include/c++/13/bits/allocated_ptr.h:74:45,
    inlined from ‘std::__shared_count<_Lp>::__shared_count(_Tp*&, std::_Sp_alloc_shared_tag<_Alloc>, _Args&& ...) [with _Tp = backend::{anonymous}::Device; _Alloc = std::allocator<void>; _Args = {}; __gnu_cxx::_Lock_policy _Lp = __gnu_cxx::_S_atomic]’ at /usr/include/c++/13/bits/shared_ptr_base.h:976:2,
    inlined from ‘std::__shared_ptr<_Tp, _Lp>::__shared_ptr(std::_Sp_alloc_shared_tag<_Tp>, _Args&& ...) [with _Alloc = std::allocator<void>; _Args = {}; _Tp = backend::{anonymous}::Device; __gnu_cxx::_Lock_policy _Lp = __gnu_cxx::_S_atomic]’ at /usr/include/c++/13/bits/shared_ptr_base.h:1712:14,
    inlined from ‘std::shared_ptr<_Tp>::shared_ptr(std::_Sp_alloc_shared_tag<_Tp>, _Args&& ...) [with _Alloc = std::allocator<void>; _Args = {}; _Tp = backend::{anonymous}::Device]’ at /usr/include/c++/13/bits/shared_ptr.h:464:59,
    inlined from ‘std::shared_ptr<typename std::enable_if<(! std::is_array< <template-parameter-1-1> >::value), _Tp>::type> std::make_shared(_Args&& ...) [with _Tp = backend::{anonymous}::Device; _Args = {}]’ at /usr/include/c++/13/bits/shared_ptr.h:1010:39,
    inlined from ‘std::shared_ptr<backend::{anonymous}::Device> {anonymous}::fake_device(Failure)’ at /mnt/c/Users/Marko/AppData/Local/Temp/llmx-vulkan-cache-cleanup-20260925/tests/vulkan_buffer.cpp:397:50,
    inlined from ‘int main(int, char**)’ at /mnt/c/Users/Marko/AppData/Local/Temp/llmx-vulkan-cache-cleanup-20260925/tests/vulkan_buffer.cpp:425:43:
/mnt/c/Users/Marko/AppData/Local/Temp/llmx-vulkan-cache-cleanup-20260925/tests/vulkan_buffer.cpp:19:64: warning: ‘void free(void*)’ called on pointer returned from a mismatched allocation function [-Wmismatched-new-delete]
   19 | void operator delete(void* p, std::size_t) noexcept { std::free(p); }
      |                                                       ~~~~~~~~~^~~
In member function ‘_Tp* std::__new_allocator<_Tp>::allocate(size_type, const void*) [with _Tp = std::_Sp_counted_ptr_inplace<backend::{anonymous}::Device, std::allocator<void>, __gnu_cxx::_S_atomic>]’,
    inlined from ‘static _Tp* std::allocator_traits<std::allocator<_CharT> >::allocate(allocator_type&, size_type) [with _Tp = std::_Sp_counted_ptr_inplace<backend::{anonymous}::Device, std::allocator<void>, __gnu_cxx::_S_atomic>]’ at /usr/include/c++/13/bits/alloc_traits.h:482:28,
    inlined from ‘std::__allocated_ptr<_Alloc> std::__allocate_guarded(_Alloc&) [with _Alloc = allocator<_Sp_counted_ptr_inplace<backend::{anonymous}::Device, allocator<void>, __gnu_cxx::_S_atomic> >]’ at /usr/include/c++/13/bits/allocated_ptr.h:98:69,
    inlined from ‘std::__shared_count<_Lp>::__shared_count(_Tp*&, std::_Sp_alloc_shared_tag<_Alloc>, _Args&& ...) [with _Tp = backend::{anonymous}::Device; _Alloc = std::allocator<void>; _Args = {}; __gnu_cxx::_Lock_policy _Lp = __gnu_cxx::_S_atomic]’ at /usr/include/c++/13/bits/shared_ptr_base.h:969:9,
    inlined from ‘std::__shared_ptr<_Tp, _Lp>::__shared_ptr(std::_Sp_alloc_shared_tag<_Tp>, _Args&& ...) [with _Alloc = std::allocator<void>; _Args = {}; _Tp = backend::{anonymous}::Device; __gnu_cxx::_Lock_policy _Lp = __gnu_cxx::_S_atomic]’ at /usr/include/c++/13/bits/shared_ptr_base.h:1712:14,
    inlined from ‘std::shared_ptr<_Tp>::shared_ptr(std::_Sp_alloc_shared_tag<_Tp>, _Args&& ...) [with _Alloc = std::allocator<void>; _Args = {}; _Tp = backend::{anonymous}::Device]’ at /usr/include/c++/13/bits/shared_ptr.h:464:59,
    inlined from ‘std::shared_ptr<typename std::enable_if<(! std::is_array< <template-parameter-1-1> >::value), _Tp>::type> std::make_shared(_Args&& ...) [with _Tp = backend::{anonymous}::Device; _Args = {}]’ at /usr/include/c++/13/bits/shared_ptr.h:1010:39,
    inlined from ‘std::shared_ptr<backend::{anonymous}::Device> {anonymous}::fake_device(Failure)’ at /mnt/c/Users/Marko/AppData/Local/Temp/llmx-vulkan-cache-cleanup-20260925/tests/vulkan_buffer.cpp:397:50,
    inlined from ‘int main(int, char**)’ at /mnt/c/Users/Marko/AppData/Local/Temp/llmx-vulkan-cache-cleanup-20260925/tests/vulkan_buffer.cpp:425:43:
/usr/include/c++/13/bits/new_allocator.h:151:55: note: returned from ‘void* operator new(std::size_t)’
  151 |         return static_cast<_Tp*>(_GLIBCXX_OPERATOR_NEW(__n * sizeof(_Tp)));
      |                                                       ^
In function ‘void operator delete(void*, std::size_t)’,
    inlined from ‘void std::__new_allocator<_Tp>::deallocate(_Tp*, size_type) [with _Tp = std::_Sp_counted_ptr_inplace<backend::{anonymous}::Device, std::allocator<void>, __gnu_cxx::_S_atomic>]’ at /usr/include/c++/13/bits/new_allocator.h:172:26,
    inlined from ‘static void std::allocator_traits<std::allocator<_CharT> >::deallocate(allocator_type&, pointer, size_type) [with _Tp = std::_Sp_counted_ptr_inplace<backend::{anonymous}::Device, std::allocator<void>, __gnu_cxx::_S_atomic>]’ at /usr/include/c++/13/bits/alloc_traits.h:517:23,
    inlined from ‘std::__allocated_ptr<_Alloc>::~__allocated_ptr() [with _Alloc = std::allocator<std::_Sp_counted_ptr_inplace<backend::{anonymous}::Device, std::allocator<void>, __gnu_cxx::_S_atomic> >]’ at /usr/include/c++/13/bits/allocated_ptr.h:74:45,
    inlined from ‘std::__shared_count<_Lp>::__shared_count(_Tp*&, std::_Sp_alloc_shared_tag<_Alloc>, _Args&& ...) [with _Tp = backend::{anonymous}::Device; _Alloc = std::allocator<void>; _Args = {}; __gnu_cxx::_Lock_policy _Lp = __gnu_cxx::_S_atomic]’ at /usr/include/c++/13/bits/shared_ptr_base.h:976:2,
    inlined from ‘std::__shared_ptr<_Tp, _Lp>::__shared_ptr(std::_Sp_alloc_shared_tag<_Tp>, _Args&& ...) [with _Alloc = std::allocator<void>; _Args = {}; _Tp = backend::{anonymous}::Device; __gnu_cxx::_Lock_policy _Lp = __gnu_cxx::_S_atomic]’ at /usr/include/c++/13/bits/shared_ptr_base.h:1712:14,
    inlined from ‘std::shared_ptr<_Tp>::shared_ptr(std::_Sp_alloc_shared_tag<_Tp>, _Args&& ...) [with _Alloc = std::allocator<void>; _Args = {}; _Tp = backend::{anonymous}::Device]’ at /usr/include/c++/13/bits/shared_ptr.h:464:59,
    inlined from ‘std::shared_ptr<typename std::enable_if<(! std::is_array< <template-parameter-1-1> >::value), _Tp>::type> std::make_shared(_Args&& ...) [with _Tp = backend::{anonymous}::Device; _Args = {}]’ at /usr/include/c++/13/bits/shared_ptr.h:1010:39,
    inlined from ‘std::shared_ptr<backend::{anonymous}::Device> {anonymous}::fake_device(Failure)’ at /mnt/c/Users/Marko/AppData/Local/Temp/llmx-vulkan-cache-cleanup-20260925/tests/vulkan_buffer.cpp:397:50,
    inlined from ‘int main(int, char**)’ at /mnt/c/Users/Marko/AppData/Local/Temp/llmx-vulkan-cache-cleanup-20260925/tests/vulkan_buffer.cpp:440:52:
/mnt/c/Users/Marko/AppData/Local/Temp/llmx-vulkan-cache-cleanup-20260925/tests/vulkan_buffer.cpp:19:64: warning: ‘void free(void*)’ called on pointer returned from a mismatched allocation function [-Wmismatched-new-delete]
   19 | void operator delete(void* p, std::size_t) noexcept { std::free(p); }
      |                                                       ~~~~~~~~~^~~
In member function ‘_Tp* std::__new_allocator<_Tp>::allocate(size_type, const void*) [with _Tp = std::_Sp_counted_ptr_inplace<backend::{anonymous}::Device, std::allocator<void>, __gnu_cxx::_S_atomic>]’,
    inlined from ‘static _Tp* std::allocator_traits<std::allocator<_CharT> >::allocate(allocator_type&, size_type) [with _Tp = std::_Sp_counted_ptr_inplace<backend::{anonymous}::Device, std::allocator<void>, __gnu_cxx::_S_atomic>]’ at /usr/include/c++/13/bits/alloc_traits.h:482:28,
    inlined from ‘std::__allocated_ptr<_Alloc> std::__allocate_guarded(_Alloc&) [with _Alloc = allocator<_Sp_counted_ptr_inplace<backend::{anonymous}::Device, allocator<void>, __gnu_cxx::_S_atomic> >]’ at /usr/include/c++/13/bits/allocated_ptr.h:98:69,
    inlined from ‘std::__shared_count<_Lp>::__shared_count(_Tp*&, std::_Sp_alloc_shared_tag<_Alloc>, _Args&& ...) [with _Tp = backend::{anonymous}::Device; _Alloc = std::allocator<void>; _Args = {}; __gnu_cxx::_Lock_policy _Lp = __gnu_cxx::_S_atomic]’ at /usr/include/c++/13/bits/shared_ptr_base.h:969:9,
    inlined from ‘std::__shared_ptr<_Tp, _Lp>::__shared_ptr(std::_Sp_alloc_shared_tag<_Tp>, _Args&& ...) [with _Alloc = std::allocator<void>; _Args = {}; _Tp = backend::{anonymous}::Device; __gnu_cxx::_Lock_policy _Lp = __gnu_cxx::_S_atomic]’ at /usr/include/c++/13/bits/shared_ptr_base.h:1712:14,
    inlined from ‘std::shared_ptr<_Tp>::shared_ptr(std::_Sp_alloc_shared_tag<_Tp>, _Args&& ...) [with _Alloc = std::allocator<void>; _Args = {}; _Tp = backend::{anonymous}::Device]’ at /usr/include/c++/13/bits/shared_ptr.h:464:59,
    inlined from ‘std::shared_ptr<typename std::enable_if<(! std::is_array< <template-parameter-1-1> >::value), _Tp>::type> std::make_shared(_Args&& ...) [with _Tp = backend::{anonymous}::Device; _Args = {}]’ at /usr/include/c++/13/bits/shared_ptr.h:1010:39,
    inlined from ‘std::shared_ptr<backend::{anonymous}::Device> {anonymous}::fake_device(Failure)’ at /mnt/c/Users/Marko/AppData/Local/Temp/llmx-vulkan-cache-cleanup-20260925/tests/vulkan_buffer.cpp:397:50,
    inlined from ‘int main(int, char**)’ at /mnt/c/Users/Marko/AppData/Local/Temp/llmx-vulkan-cache-cleanup-20260925/tests/vulkan_buffer.cpp:440:52:
/usr/include/c++/13/bits/new_allocator.h:151:55: note: returned from ‘void* operator new(std::size_t)’
  151 |         return static_cast<_Tp*>(_GLIBCXX_OPERATOR_NEW(__n * sizeof(_Tp)));
      |                                                       ^
In function ‘void operator delete(void*, std::size_t)’,
    inlined from ‘void std::__new_allocator<_Tp>::deallocate(_Tp*, size_type) [with _Tp = backend::Projection]’ at /usr/include/c++/13/bits/new_allocator.h:172:26,
    inlined from ‘static void std::allocator_traits<std::allocator<_CharT> >::deallocate(allocator_type&, pointer, size_type) [with _Tp = backend::Projection]’ at /usr/include/c++/13/bits/alloc_traits.h:517:23,
    inlined from ‘void std::_Vector_base<_Tp, _Alloc>::_M_deallocate(pointer, std::size_t) [with _Tp = backend::Projection; _Alloc = std::allocator<backend::Projection>]’ at /usr/include/c++/13/bits/stl_vector.h:390:19,
    inlined from ‘std::_Vector_base<_Tp, _Alloc>::~_Vector_base() [with _Tp = backend::Projection; _Alloc = std::allocator<backend::Projection>]’ at /usr/include/c++/13/bits/stl_vector.h:369:15,
    inlined from ‘std::vector<_Tp, _Alloc>::~vector() [with _Tp = backend::Projection; _Alloc = std::allocator<backend::Projection>]’ at /usr/include/c++/13/bits/stl_vector.h:738:7,
    inlined from ‘void backend::{anonymous}::VulkanBackend::matmul_runs(std::initializer_list<backend::Projection>, backend::CSlice, size_t, size_t, bool, backend::RowRuns)’ at /mnt/c/Users/Marko/AppData/Local/Temp/llmx-vulkan-cache-cleanup-20260925/src/backends/vulkan/vulkan_backend.cpp:1393:17:
/mnt/c/Users/Marko/AppData/Local/Temp/llmx-vulkan-cache-cleanup-20260925/tests/vulkan_buffer.cpp:19:64: warning: ‘void free(void*)’ called on pointer returned from a mismatched allocation function [-Wmismatched-new-delete]
   19 | void operator delete(void* p, std::size_t) noexcept { std::free(p); }
      |                                                       ~~~~~~~~~^~~
In member function ‘_Tp* std::__new_allocator<_Tp>::allocate(size_type, const void*) [with _Tp = backend::Projection]’,
    inlined from ‘static _Tp* std::allocator_traits<std::allocator<_CharT> >::allocate(allocator_type&, size_type) [with _Tp = backend::Projection]’ at /usr/include/c++/13/bits/alloc_traits.h:482:28,
    inlined from ‘std::_Vector_base<_Tp, _Alloc>::pointer std::_Vector_base<_Tp, _Alloc>::_M_allocate(std::size_t) [with _Tp = backend::Projection; _Alloc = std::allocator<backend::Projection>]’ at /usr/include/c++/13/bits/stl_vector.h:381:33,
    inlined from ‘void std::vector<_Tp, _Alloc>::_M_range_initialize(_ForwardIterator, _ForwardIterator, std::forward_iterator_tag) [with _ForwardIterator = const backend::Projection*; _Tp = backend::Projection; _Alloc = std::allocator<backend::Projection>]’ at /usr/include/c++/13/bits/stl_vector.h:1692:25,
    inlined from ‘std::vector<_Tp, _Alloc>::vector(std::initializer_list<_Tp>, const allocator_type&) [with _Tp = backend::Projection; _Alloc = std::allocator<backend::Projection>]’ at /usr/include/c++/13/bits/stl_vector.h:682:21,
    inlined from ‘void backend::{anonymous}::VulkanBackend::matmul_runs(std::initializer_list<backend::Projection>, backend::CSlice, size_t, size_t, bool, backend::RowRuns)’ at /mnt/c/Users/Marko/AppData/Local/Temp/llmx-vulkan-cache-cleanup-20260925/src/backends/vulkan/vulkan_backend.cpp:1386:59:
/usr/include/c++/13/bits/new_allocator.h:151:55: note: returned from ‘void* operator new(std::size_t)’
  151 |         return static_cast<_Tp*>(_GLIBCXX_OPERATOR_NEW(__n * sizeof(_Tp)));
      |                                                       ^
In function ‘void operator delete(void*, std::size_t)’,
    inlined from ‘void std::__new_allocator<_Tp>::deallocate(_Tp*, size_type) [with _Tp = const backend::Projection*]’ at /usr/include/c++/13/bits/new_allocator.h:172:26,
    inlined from ‘static void std::allocator_traits<std::allocator<_CharT> >::deallocate(allocator_type&, pointer, size_type) [with _Tp = const backend::Projection*]’ at /usr/include/c++/13/bits/alloc_traits.h:517:23,
    inlined from ‘void std::_Vector_base<_Tp, _Alloc>::_M_deallocate(pointer, std::size_t) [with _Tp = const backend::Projection*; _Alloc = std::allocator<const backend::Projection*>]’ at /usr/include/c++/13/bits/stl_vector.h:390:19,
    inlined from ‘std::_Vector_base<_Tp, _Alloc>::~_Vector_base() [with _Tp = const backend::Projection*; _Alloc = std::allocator<const backend::Projection*>]’ at /usr/include/c++/13/bits/stl_vector.h:369:15,
    inlined from ‘std::vector<_Tp, _Alloc>::~vector() [with _Tp = const backend::Projection*; _Alloc = std::allocator<const backend::Projection*>]’ at /usr/include/c++/13/bits/stl_vector.h:738:7,
    inlined from ‘backend::{anonymous}::VulkanBackend::matmul_experts_add(uint32_t, backend::CSlice, backend::CSlice, backend::Slice, size_t, size_t, size_t, const backend::Backend::Routing&, backend::RowRuns)::<lambda(size_t, size_t, bool)>’ at /mnt/c/Users/Marko/AppData/Local/Temp/llmx-vulkan-cache-cleanup-20260925/src/backends/vulkan/vulkan_backend.cpp:1754:24:
/mnt/c/Users/Marko/AppData/Local/Temp/llmx-vulkan-cache-cleanup-20260925/tests/vulkan_buffer.cpp:19:64: warning: ‘void free(void*)’ called on pointer returned from a mismatched allocation function [-Wmismatched-new-delete]
   19 | void operator delete(void* p, std::size_t) noexcept { std::free(p); }
      |                                                       ~~~~~~~~~^~~
In member function ‘_Tp* std::__new_allocator<_Tp>::allocate(size_type, const void*) [with _Tp = const backend::Projection*]’,
    inlined from ‘static _Tp* std::allocator_traits<std::allocator<_CharT> >::allocate(allocator_type&, size_type) [with _Tp = const backend::Projection*]’ at /usr/include/c++/13/bits/alloc_traits.h:482:28,
    inlined from ‘std::_Vector_base<_Tp, _Alloc>::pointer std::_Vector_base<_Tp, _Alloc>::_M_allocate(std::size_t) [with _Tp = const backend::Projection*; _Alloc = std::allocator<const backend::Projection*>]’ at /usr/include/c++/13/bits/stl_vector.h:381:33,
    inlined from ‘void std::vector<_Tp, _Alloc>::_M_range_initialize(_ForwardIterator, _ForwardIterator, std::forward_iterator_tag) [with _ForwardIterator = const backend::Projection* const*; _Tp = const backend::Projection*; _Alloc = std::allocator<const backend::Projection*>]’ at /usr/include/c++/13/bits/stl_vector.h:1692:25,
    inlined from ‘std::vector<_Tp, _Alloc>::vector(std::initializer_list<_Tp>, const allocator_type&) [with _Tp = const backend::Projection*; _Alloc = std::allocator<const backend::Projection*>]’ at /usr/include/c++/13/bits/stl_vector.h:682:21,
    inlined from ‘backend::{anonymous}::VulkanBackend::matmul_experts_add(uint32_t, backend::CSlice, backend::CSlice, backend::Slice, size_t, size_t, size_t, const backend::Backend::Routing&, backend::RowRuns)::<lambda(size_t, size_t, bool)>’ at /mnt/c/Users/Marko/AppData/Local/Temp/llmx-vulkan-cache-cleanup-20260925/src/backends/vulkan/vulkan_backend.cpp:1754:24:
/usr/include/c++/13/bits/new_allocator.h:151:55: note: returned from ‘void* operator new(std::size_t)’
  151 |         return static_cast<_Tp*>(_GLIBCXX_OPERATOR_NEW(__n * sizeof(_Tp)));
      |                                                       ^
In function ‘void operator delete(void*, std::size_t)’,
    inlined from ‘void std::__new_allocator<_Tp>::deallocate(_Tp*, size_type) [with _Tp = std::_Sp_counted_ptr_inplace<backend::{anonymous}::VulkanBuffer, std::allocator<void>, __gnu_cxx::_S_atomic>]’ at /usr/include/c++/13/bits/new_allocator.h:172:26,
    inlined from ‘static void std::allocator_traits<std::allocator<_CharT> >::deallocate(allocator_type&, pointer, size_type) [with _Tp = std::_Sp_counted_ptr_inplace<backend::{anonymous}::VulkanBuffer, std::allocator<void>, __gnu_cxx::_S_atomic>]’ at /usr/include/c++/13/bits/alloc_traits.h:517:23,
    inlined from ‘std::__allocated_ptr<_Alloc>::~__allocated_ptr() [with _Alloc = std::allocator<std::_Sp_counted_ptr_inplace<backend::{anonymous}::VulkanBuffer, std::allocator<void>, __gnu_cxx::_S_atomic> >]’ at /usr/include/c++/13/bits/allocated_ptr.h:74:45,
    inlined from ‘std::__shared_count<_Lp>::__shared_count(_Tp*&, std::_Sp_alloc_shared_tag<_Alloc>, _Args&& ...) [with _Tp = backend::{anonymous}::VulkanBuffer; _Alloc = std::allocator<void>; _Args = {std::shared_ptr<backend::{anonymous}::Device>&, long unsigned int&, bool}; __gnu_cxx::_Lock_policy _Lp = __gnu_cxx::_S_atomic]’ at /usr/include/c++/13/bits/shared_ptr_base.h:976:2,
    inlined from ‘std::__shared_ptr<_Tp, _Lp>::__shared_ptr(std::_Sp_alloc_shared_tag<_Tp>, _Args&& ...) [with _Alloc = std::allocator<void>; _Args = {std::shared_ptr<backend::{anonymous}::Device>&, long unsigned int&, bool}; _Tp = backend::{anonymous}::VulkanBuffer; __gnu_cxx::_Lock_policy _Lp = __gnu_cxx::_S_atomic]’ at /usr/include/c++/13/bits/shared_ptr_base.h:1712:14,
    inlined from ‘std::shared_ptr<_Tp>::shared_ptr(std::_Sp_alloc_shared_tag<_Tp>, _Args&& ...) [with _Alloc = std::allocator<void>; _Args = {std::shared_ptr<backend::{anonymous}::Device>&, long unsigned int&, bool}; _Tp = backend::{anonymous}::VulkanBuffer]’ at /usr/include/c++/13/bits/shared_ptr.h:464:59,
    inlined from ‘std::shared_ptr<typename std::enable_if<(! std::is_array< <template-parameter-1-1> >::value), _Tp>::type> std::make_shared(_Args&& ...) [with _Tp = backend::{anonymous}::VulkanBuffer; _Args = {shared_ptr<backend::{anonymous}::Device>&, long unsigned int&, bool}]’ at /usr/include/c++/13/bits/shared_ptr.h:1010:39,
    inlined from ‘void backend::{anonymous}::VulkanBackend::grow(std::shared_ptr<backend::{anonymous}::VulkanBuffer>&, size_t)’ at /mnt/c/Users/Marko/AppData/Local/Temp/llmx-vulkan-cache-cleanup-20260925/src/backends/vulkan/vulkan_backend.cpp:1937:48,
    inlined from ‘VkDescriptorBufferInfo backend::{anonymous}::VulkanBackend::xq_for(size_t)’ at /mnt/c/Users/Marko/AppData/Local/Temp/llmx-vulkan-cache-cleanup-20260925/src/backends/vulkan/vulkan_backend.cpp:1860:17,
    inlined from ‘virtual void backend::{anonymous}::VulkanBackend::attention(backend::CSlice, size_t, const backend::KVView*, size_t, backend::Slice, int, int, int)’ at /mnt/c/Users/Marko/AppData/Local/Temp/llmx-vulkan-cache-cleanup-20260925/src/backends/vulkan/vulkan_backend.cpp:2021:61:
/mnt/c/Users/Marko/AppData/Local/Temp/llmx-vulkan-cache-cleanup-20260925/tests/vulkan_buffer.cpp:19:64: warning: ‘void free(void*)’ called on pointer returned from a mismatched allocation function [-Wmismatched-new-delete]
   19 | void operator delete(void* p, std::size_t) noexcept { std::free(p); }
      |                                                       ~~~~~~~~~^~~
In member function ‘_Tp* std::__new_allocator<_Tp>::allocate(size_type, const void*) [with _Tp = std::_Sp_counted_ptr_inplace<backend::{anonymous}::VulkanBuffer, std::allocator<void>, __gnu_cxx::_S_atomic>]’,
    inlined from ‘static _Tp* std::allocator_traits<std::allocator<_CharT> >::allocate(allocator_type&, size_type) [with _Tp = std::_Sp_counted_ptr_inplace<backend::{anonymous}::VulkanBuffer, std::allocator<void>, __gnu_cxx::_S_atomic>]’ at /usr/include/c++/13/bits/alloc_traits.h:482:28,
    inlined from ‘std::__allocated_ptr<_Alloc> std::__allocate_guarded(_Alloc&) [with _Alloc = allocator<_Sp_counted_ptr_inplace<backend::{anonymous}::VulkanBuffer, allocator<void>, __gnu_cxx::_S_atomic> >]’ at /usr/include/c++/13/bits/allocated_ptr.h:98:69,
    inlined from ‘std::__shared_count<_Lp>::__shared_count(_Tp*&, std::_Sp_alloc_shared_tag<_Alloc>, _Args&& ...) [with _Tp = backend::{anonymous}::VulkanBuffer; _Alloc = std::allocator<void>; _Args = {std::shared_ptr<backend::{anonymous}::Device>&, long unsigned int&, bool}; __gnu_cxx::_Lock_policy _Lp = __gnu_cxx::_S_atomic]’ at /usr/include/c++/13/bits/shared_ptr_base.h:969:9,
    inlined from ‘std::__shared_ptr<_Tp, _Lp>::__shared_ptr(std::_Sp_alloc_shared_tag<_Tp>, _Args&& ...) [with _Alloc = std::allocator<void>; _Args = {std::shared_ptr<backend::{anonymous}::Device>&, long unsigned int&, bool}; _Tp = backend::{anonymous}::VulkanBuffer; __gnu_cxx::_Lock_policy _Lp = __gnu_cxx::_S_atomic]’ at /usr/include/c++/13/bits/shared_ptr_base.h:1712:14,
    inlined from ‘std::shared_ptr<_Tp>::shared_ptr(std::_Sp_alloc_shared_tag<_Tp>, _Args&& ...) [with _Alloc = std::allocator<void>; _Args = {std::shared_ptr<backend::{anonymous}::Device>&, long unsigned int&, bool}; _Tp = backend::{anonymous}::VulkanBuffer]’ at /usr/include/c++/13/bits/shared_ptr.h:464:59,
    inlined from ‘std::shared_ptr<typename std::enable_if<(! std::is_array< <template-parameter-1-1> >::value), _Tp>::type> std::make_shared(_Args&& ...) [with _Tp = backend::{anonymous}::VulkanBuffer; _Args = {shared_ptr<backend::{anonymous}::Device>&, long unsigned int&, bool}]’ at /usr/include/c++/13/bits/shared_ptr.h:1010:39,
    inlined from ‘void backend::{anonymous}::VulkanBackend::grow(std::shared_ptr<backend::{anonymous}::VulkanBuffer>&, size_t)’ at /mnt/c/Users/Marko/AppData/Local/Temp/llmx-vulkan-cache-cleanup-20260925/src/backends/vulkan/vulkan_backend.cpp:1937:48,
    inlined from ‘VkDescriptorBufferInfo backend::{anonymous}::VulkanBackend::xq_for(size_t)’ at /mnt/c/Users/Marko/AppData/Local/Temp/llmx-vulkan-cache-cleanup-20260925/src/backends/vulkan/vulkan_backend.cpp:1860:17,
    inlined from ‘virtual void backend::{anonymous}::VulkanBackend::attention(backend::CSlice, size_t, const backend::KVView*, size_t, backend::Slice, int, int, int)’ at /mnt/c/Users/Marko/AppData/Local/Temp/llmx-vulkan-cache-cleanup-20260925/src/backends/vulkan/vulkan_backend.cpp:2021:61:
/usr/include/c++/13/bits/new_allocator.h:151:55: note: returned from ‘void* operator new(std::size_t)’
  151 |         return static_cast<_Tp*>(_GLIBCXX_OPERATOR_NEW(__n * sizeof(_Tp)));
      |                                                       ^
